CustomerID,Age,Gender,Income,Location,LastPurchaseDate,PurchaseFrequency,AverageOrderValue,TotalSpend,ChurnRisk
1000,59,Male,24204,Rural,36:52.3,2,20,1353,91
1001,19,Male,95666,Urban,36:52.3,3,139,4580,29
1002,23,Male,49270,Rural,36:52.3,1,39,2876,84
1003,39,Female,197963,Suburban,36:52.3,10,248,24137,3
1004,36,Male,23450,Rural,36:52.3,2,30,1355,50
1005,42,Female,109786,Urban,36:52.3,10,150,22685,2
1006,52,Female,175870,Rural,36:52.3,5,255,12373,5
1007,67,Female,22698,Rural,36:52.3,1,41,691,69
1008,60,Male,25189,Suburban,36:52.3,1,21,1941,83
1009,42,Female,27022,Rural,36:52.3,1,45,2232,92
1010,29,Female,74767,Suburban,36:52.3,3,126,8133,33
1011,39,Male,96212,Suburban,36:52.3,4,94,4699,48
1012,58,Male,182524,Urban,36:52.3,10,158,28036,16
1013,67,Male,26500,Rural,36:52.3,1,76,1328,67
1014,62,Male,25610,Urban,36:52.3,2,30,2276,66
1015,41,Female,169550,Suburban,36:52.3,5,221,12580,15
1016,24,Female,149456,Urban,36:52.3,11,200,15939,3
1017,59,Female,93096,Urban,36:52.3,4,111,8622,32
1018,58,Male,70176,Urban,36:52.3,4,142,8058,27
1019,34,Female,68982,Suburban,36:52.3,3,84,7755,43
1020,49,Female,29307,Urban,36:52.3,2,54,1074,50
1021,42,Female,27718,Urban,36:52.3,1,25,534,70
1022,65,Male,135004,Suburban,36:52.3,6,209,15802,14
1023,22,Female,181587,Rural,36:52.3,5,279,17455,12
1024,36,Female,53568,Rural,36:52.3,4,147,9624,36
1025,48,Male,74709,Rural,36:52.3,3,99,8855,38
1026,29,Female,99052,Urban,36:52.3,4,89,6859,47
1027,61,Male,90757,Rural,36:52.3,4,85,6263,21
1028,68,Male,38590,Rural,36:52.3,1,35,1495,99
1029,45,Female,44097,Urban,36:52.3,1,30,657,59
1030,65,Female,97878,Rural,36:52.3,4,126,5185,49
1031,20,Female,62425,Suburban,36:52.3,4,98,8497,34
1032,38,Male,88386,Urban,36:52.3,3,137,9967,47
1033,28,Male,111240,Suburban,36:52.3,6,162,28156,16
1034,69,Male,45067,Urban,36:52.3,2,36,1123,91
1035,28,Female,53968,Suburban,36:52.3,3,124,7310,27
1036,32,Male,49474,Suburban,36:52.3,1,56,1011,94
1037,64,Female,36068,Suburban,36:52.3,2,36,648,90
1038,67,Female,143809,Rural,36:52.3,6,248,23316,3
1039,20,Female,44587,Urban,36:52.3,2,43,1416,95
1040,66,Female,127414,Rural,36:52.3,12,241,17973,17
1041,69,Male,100082,Urban,36:52.3,7,298,25298,6
1042,55,Male,92546,Urban,36:52.3,4,148,4734,44
1043,28,Female,173863,Rural,36:52.3,9,264,17924,5
1044,20,Female,134987,Suburban,36:52.3,6,188,21472,3
1045,49,Female,21387,Rural,36:52.3,1,38,1658,52
1046,22,Female,72373,Suburban,36:52.3,3,88,6464,44
1047,19,Male,36809,Rural,36:52.3,1,50,1320,74
1048,48,Female,40039,Suburban,36:52.3,1,61,2648,95
1049,27,Male,161767,Urban,36:52.3,12,198,11890,6
1050,70,Female,33708,Rural,36:52.3,2,45,1589,83
1051,21,Female,195303,Urban,36:52.3,5,194,26100,14
1052,22,Male,78549,Suburban,36:52.3,3,143,7321,33
1053,34,Male,131233,Urban,36:52.3,6,215,20812,11
1054,54,Male,63112,Suburban,36:52.3,3,89,3119,29
1055,52,Female,128394,Rural,36:52.3,6,196,28848,2
1056,24,Male,32399,Urban,36:52.3,1,36,2029,82
1057,25,Female,21385,Rural,36:52.3,1,28,1087,86
1058,67,Female,22555,Rural,36:52.3,1,73,1048,64
1059,46,Female,60051,Urban,36:52.3,3,115,7119,39
1060,51,Female,80496,Suburban,36:52.3,3,121,7419,21
1061,56,Male,132923,Suburban,36:52.3,5,255,24582,10
1062,58,Female,135131,Rural,36:52.3,12,231,28471,6
1063,26,Female,54115,Urban,36:52.3,3,150,8948,49
1064,33,Female,112305,Urban,36:52.3,12,199,18757,20
1065,55,Female,42748,Urban,36:52.3,1,25,1470,85
1066,18,Female,39581,Suburban,36:52.3,2,62,1435,76
1067,52,Female,37379,Suburban,36:52.3,2,30,1022,82
1068,22,Male,95642,Rural,36:52.3,4,133,5130,22
1069,29,Male,94156,Suburban,36:52.3,4,119,5847,40
1070,31,Female,89739,Suburban,36:52.3,4,86,9603,34
1071,52,Female,183556,Suburban,36:52.3,6,293,14859,19
1072,32,Male,154448,Suburban,36:52.3,5,236,27191,8
1073,46,Male,94588,Urban,36:52.3,3,108,6523,50
1074,70,Male,76867,Suburban,36:52.3,3,113,6214,29
1075,70,Female,47579,Rural,36:52.3,1,73,1364,52
1076,45,Female,190707,Suburban,36:52.3,8,195,15539,7
1077,43,Female,94538,Suburban,36:52.3,4,87,3547,22
1078,47,Male,71871,Suburban,36:52.3,4,84,7582,30
1079,57,Male,47501,Suburban,36:52.3,1,44,2675,64
1080,53,Female,95298,Suburban,36:52.3,4,123,8368,42
1081,47,Female,174637,Rural,36:52.3,11,218,28956,4
1082,32,Male,107573,Urban,36:52.3,10,185,21549,0
1083,24,Female,172348,Suburban,36:52.3,8,239,24789,6
1084,63,Female,32294,Rural,36:52.3,1,76,691,99
1085,53,Male,46591,Suburban,36:52.3,1,26,2170,88
1086,27,Male,81091,Urban,36:52.3,3,96,6706,33
1087,36,Female,41057,Rural,36:52.3,2,75,2622,98
1088,53,Female,86564,Rural,36:52.3,3,120,5894,40
1089,46,Male,131238,Suburban,36:52.3,12,232,13604,7
1090,70,Female,40457,Urban,36:52.3,1,34,2196,71
1091,52,Female,157777,Urban,36:52.3,5,195,12907,3
1092,59,Male,187247,Suburban,36:52.3,7,180,19910,15
1093,47,Male,52527,Urban,36:52.3,4,149,8125,32
1094,37,Female,30940,Suburban,36:52.3,1,66,1245,61
1095,68,Male,47769,Rural,36:52.3,2,54,2174,79
1096,52,Female,62766,Rural,36:52.3,3,147,3327,39
1097,36,Male,94373,Suburban,36:52.3,3,125,7402,42
1098,49,Female,30556,Rural,36:52.3,2,23,2818,51
1099,52,Female,152072,Suburban,36:52.3,11,259,17480,11
1100,29,Female,22595,Urban,36:52.3,2,64,2892,72
1101,25,Female,55465,Rural,36:52.3,4,118,8096,48
1102,36,Female,33059,Rural,36:52.3,1,38,1785,56
1103,51,Male,60207,Urban,36:52.3,3,98,7538,37
1104,38,Male,137899,Suburban,36:52.3,9,224,14111,19
1105,26,Male,23596,Urban,36:52.3,1,45,1624,92
1106,35,Female,42587,Rural,36:52.3,1,72,1983,95
1107,43,Male,31592,Urban,36:52.3,2,56,2841,89
1108,32,Female,111648,Rural,36:52.3,8,230,14297,2
1109,39,Male,183068,Urban,36:52.3,7,259,24185,5
1110,31,Female,190514,Rural,36:52.3,5,152,24861,13
1111,25,Female,76404,Urban,36:52.3,4,116,8563,30
1112,63,Female,37904,Rural,36:52.3,1,79,2586,69
1113,69,Female,174533,Urban,36:52.3,6,220,26613,14
1114,24,Male,53080,Urban,36:52.3,4,85,3551,50
1115,31,Male,88917,Urban,36:52.3,3,123,8586,32
1116,24,Male,183824,Rural,36:52.3,8,160,23252,11
1117,51,Male,43256,Urban,36:52.3,1,54,1182,62
1118,50,Female,53492,Urban,36:52.3,4,83,3333,20
1119,49,Male,98468,Suburban,36:52.3,3,146,6569,30
1120,43,Female,124084,Rural,36:52.3,8,259,14574,14
1121,23,Female,125574,Suburban,36:52.3,5,217,26284,6
1122,44,Male,56602,Suburban,36:52.3,4,107,4763,40
1123,52,Female,101182,Rural,36:52.3,6,163,21052,18
1124,32,Male,89119,Rural,36:52.3,4,98,3550,26
1125,63,Male,41086,Suburban,36:52.3,2,71,720,97
1126,59,Male,46028,Rural,36:52.3,2,56,1747,80
1127,48,Male,134881,Suburban,36:52.3,8,289,11657,9
1128,31,Male,39299,Suburban,36:52.3,2,71,1391,75
1129,21,Female,100580,Urban,36:52.3,12,257,18510,12
1130,29,Male,105505,Urban,36:52.3,6,218,14664,1
1131,38,Male,121510,Urban,36:52.3,6,231,15250,10
1132,35,Female,66611,Suburban,36:52.3,3,123,6093,30
1133,43,Female,53857,Urban,36:52.3,3,149,4182,32
1134,24,Male,52776,Rural,36:52.3,3,99,3929,47
1135,25,Female,83994,Urban,36:52.3,4,106,5109,33
1136,67,Male,20025,Urban,36:52.3,2,28,1767,77
1137,29,Female,86948,Suburban,36:52.3,3,132,4676,47
1138,45,Male,185177,Suburban,36:52.3,8,151,27545,16
1139,59,Male,33684,Rural,36:52.3,2,72,1061,86
1140,42,Male,90401,Urban,36:52.3,3,148,3793,33
1141,64,Female,26335,Suburban,36:52.3,1,59,2054,75
1142,63,Female,106095,Urban,36:52.3,9,266,13734,9
1143,20,Female,68980,Rural,36:52.3,3,103,4272,30
1144,64,Male,94024,Rural,36:52.3,3,104,3027,40
1145,40,Female,196369,Urban,36:52.3,6,167,20636,7
1146,20,Female,196285,Rural,36:52.3,8,231,15431,4
1147,43,Female,160573,Rural,36:52.3,5,293,17833,2
1148,44,Male,33571,Urban,36:52.3,1,78,741,94
1149,20,Male,87804,Suburban,36:52.3,3,147,7442,32
1150,45,Male,83115,Suburban,36:52.3,4,120,4143,24
1151,41,Female,40622,Rural,36:52.3,2,74,1429,86
1152,27,Male,93464,Rural,36:52.3,4,81,7926,36
1153,24,Male,35630,Suburban,36:52.3,1,74,1144,67
1154,56,Female,128769,Rural,36:52.3,6,173,20973,18
1155,67,Female,84242,Rural,36:52.3,4,143,9585,31
1156,69,Female,82173,Suburban,36:52.3,4,123,9874,47
1157,67,Male,43821,Rural,36:52.3,2,30,839,79
1158,22,Female,45608,Suburban,36:52.3,2,64,1409,80
1159,38,Male,40218,Rural,36:52.3,1,48,2759,90
1160,34,Female,37627,Urban,36:52.3,2,33,1697,94
1161,39,Male,39490,Rural,36:52.3,1,23,2482,96
1162,55,Male,115925,Rural,36:52.3,11,197,27334,9
1163,70,Male,110694,Rural,36:52.3,12,242,23114,18
1164,43,Female,29245,Urban,36:52.3,2,50,1954,81
1165,67,Female,46231,Urban,36:52.3,2,35,2688,88
1166,18,Female,30222,Rural,36:52.3,1,50,1545,92
1167,29,Female,35914,Suburban,36:52.3,2,76,2157,73
1168,37,Female,124621,Suburban,36:52.3,10,255,20071,1
1169,60,Female,162420,Urban,36:52.3,12,288,21749,15
1170,27,Female,96524,Suburban,36:52.3,3,148,7702,31
1171,61,Male,40173,Rural,36:52.3,2,35,1879,64
1172,46,Male,103807,Urban,36:52.3,6,165,24000,18
1173,28,Female,98231,Rural,36:52.3,3,138,7835,34
1174,57,Female,136629,Urban,36:52.3,11,233,22609,12
1175,63,Male,111243,Rural,36:52.3,9,188,12746,13
1176,28,Male,45426,Urban,36:52.3,2,60,1504,77
1177,36,Female,122940,Suburban,36:52.3,7,277,22530,1
1178,53,Female,86357,Urban,36:52.3,3,81,8085,20
1179,30,Male,24876,Suburban,36:52.3,2,60,2425,59
1180,33,Male,33018,Urban,36:52.3,2,23,2929,58
1181,52,Male,184116,Urban,36:52.3,11,262,27724,15
1182,44,Male,44318,Urban,36:52.3,1,61,892,72
1183,64,Male,47209,Rural,36:52.3,2,54,1219,58
1184,22,Male,54755,Suburban,36:52.3,4,126,4902,41
1185,70,Female,54486,Rural,36:52.3,3,150,6294,28
1186,38,Female,117957,Suburban,36:52.3,11,204,19715,14
1187,26,Female,64068,Urban,36:52.3,4,86,8855,42
1188,62,Female,35572,Urban,36:52.3,2,72,1375,54
1189,48,Male,186107,Urban,36:52.3,8,237,29513,19
1190,70,Male,82996,Rural,36:52.3,4,90,9321,42
1191,55,Female,33577,Suburban,36:52.3,2,36,2815,81
1192,30,Female,101933,Suburban,36:52.3,10,248,15625,17
1193,24,Female,155576,Suburban,36:52.3,9,282,28388,9
1194,28,Female,96193,Suburban,36:52.3,3,110,8314,43
1195,64,Female,167068,Urban,36:52.3,7,188,23530,20
1196,26,Male,34866,Suburban,36:52.3,1,38,1568,76
1197,39,Male,169446,Urban,36:52.3,6,162,27206,20
1198,54,Female,42661,Rural,36:52.3,2,55,2815,98
1199,65,Female,39023,Suburban,36:52.3,2,75,1866,52
1200,27,Female,184976,Rural,36:52.3,10,164,23006,10
1201,20,Female,99900,Urban,36:52.3,3,108,8304,29
1202,43,Female,87837,Rural,36:52.3,3,128,8092,25
1203,42,Male,32109,Rural,36:52.3,2,45,1260,64
1204,46,Female,53711,Rural,36:52.3,3,133,8843,48
1205,51,Male,25982,Suburban,36:52.3,2,67,2673,90
1206,21,Male,44045,Urban,36:52.3,1,53,2973,75
1207,45,Male,45883,Urban,36:52.3,2,59,2246,98
1208,66,Male,49584,Rural,36:52.3,1,75,1274,72
1209,42,Female,120964,Rural,36:52.3,5,251,19865,11
1210,61,Female,24116,Suburban,36:52.3,1,54,1902,83
1211,30,Male,64728,Rural,36:52.3,3,125,8893,39
1212,37,Female,45233,Urban,36:52.3,1,53,1229,91
1213,47,Female,93418,Suburban,36:52.3,3,116,7918,47
1214,20,Male,36824,Rural,36:52.3,1,35,1059,62
1215,65,Female,49224,Urban,36:52.3,2,26,2628,91
1216,47,Male,62972,Rural,36:52.3,3,117,5517,43
1217,33,Female,59303,Suburban,36:52.3,3,137,8133,48
1218,62,Male,139971,Suburban,36:52.3,6,203,13512,16
1219,54,Male,36399,Rural,36:52.3,2,75,1985,57
1220,57,Male,58453,Suburban,36:52.3,3,95,7897,31
1221,63,Female,169164,Suburban,36:52.3,11,157,10060,5
1222,44,Male,32255,Suburban,36:52.3,2,61,1407,95
1223,47,Male,99185,Urban,36:52.3,3,115,4222,28
1224,36,Female,127807,Urban,36:52.3,6,200,11791,16
1225,62,Male,63273,Suburban,36:52.3,3,117,7712,23
1226,21,Male,100879,Suburban,36:52.3,6,281,10721,14
1227,58,Female,47245,Suburban,36:52.3,2,57,1653,54
1228,48,Female,29890,Suburban,36:52.3,1,21,1304,58
1229,53,Female,77430,Suburban,36:52.3,3,83,9983,22
1230,50,Male,42340,Suburban,36:52.3,2,31,1535,83
1231,38,Female,42378,Rural,36:52.3,2,36,2153,63
1232,28,Female,84631,Rural,36:52.3,3,103,4835,38
1233,70,Female,73209,Rural,36:52.3,3,128,3225,50
1234,37,Male,65361,Suburban,36:52.3,4,147,6960,24
1235,55,Female,105951,Urban,36:52.3,12,159,17546,3
1236,24,Female,175165,Suburban,36:52.3,9,230,17007,6
1237,39,Male,148137,Urban,36:52.3,12,249,21381,1
1238,56,Male,38043,Suburban,36:52.3,1,44,1032,67
1239,18,Female,172265,Suburban,36:52.3,5,276,18358,2
1240,61,Female,25132,Urban,36:52.3,2,34,2873,87
1241,60,Male,94666,Rural,36:52.3,3,120,7895,43
1242,41,Male,149877,Urban,36:52.3,9,284,14480,16
1243,21,Female,86746,Suburban,36:52.3,4,114,8624,24
1244,38,Female,97952,Rural,36:52.3,3,98,7388,25
1245,60,Male,35329,Urban,36:52.3,1,55,1548,82
1246,52,Female,35616,Suburban,36:52.3,1,66,1432,96
1247,52,Female,46018,Suburban,36:52.3,1,30,2374,56
1248,61,Male,53585,Rural,36:52.3,4,128,4364,22
1249,22,Female,85729,Urban,36:52.3,3,150,7734,41
1250,25,Male,186608,Suburban,36:52.3,10,160,20694,17
1251,48,Female,25414,Suburban,36:52.3,1,62,1340,54
1252,59,Male,45505,Urban,36:52.3,2,80,1747,84
1253,57,Male,68696,Suburban,36:52.3,4,110,9389,44
1254,59,Male,35348,Urban,36:52.3,2,35,2138,91
1255,53,Male,102373,Suburban,36:52.3,9,201,17577,6
1256,38,Female,96906,Rural,36:52.3,3,138,8351,42
1257,26,Male,57527,Suburban,36:52.3,3,141,3141,40
1258,46,Male,199057,Suburban,36:52.3,6,231,17219,6
1259,46,Female,199940,Urban,36:52.3,10,263,15826,18
1260,31,Female,77268,Rural,36:52.3,4,85,6330,28
1261,69,Female,23532,Urban,36:52.3,1,42,1272,98
1262,41,Male,52373,Urban,36:52.3,3,146,8957,49
1263,31,Female,196058,Suburban,36:52.3,7,239,18271,1
1264,68,Male,142574,Urban,36:52.3,7,156,16778,7
1265,41,Male,161997,Rural,36:52.3,10,258,15792,14
1266,39,Male,86704,Suburban,36:52.3,4,93,5681,24
1267,42,Female,47625,Rural,36:52.3,1,65,2482,67
1268,33,Male,123443,Urban,36:52.3,11,300,10306,14
1269,40,Female,96369,Rural,36:52.3,3,94,5124,26
1270,19,Male,24833,Rural,36:52.3,1,75,1438,85
1271,53,Male,162527,Rural,36:52.3,5,235,13936,4
1272,65,Female,58114,Suburban,36:52.3,3,92,9818,49
1273,33,Female,32242,Urban,36:52.3,2,53,2381,55
1274,60,Male,107622,Suburban,36:52.3,8,185,27112,0
1275,56,Female,25590,Urban,36:52.3,2,63,1104,63
1276,47,Female,26035,Rural,36:52.3,2,27,992,76
1277,64,Male,82699,Urban,36:52.3,3,125,8974,36
1278,66,Male,149775,Rural,36:52.3,5,266,28995,3
1279,33,Female,28326,Urban,36:52.3,1,51,1519,63
1280,48,Male,121277,Urban,36:52.3,6,267,13101,13
1281,56,Male,88791,Suburban,36:52.3,3,115,5610,32
1282,39,Male,95991,Urban,36:52.3,3,140,7322,41
1283,23,Male,87209,Rural,36:52.3,3,102,6722,35
1284,62,Male,36324,Urban,36:52.3,1,23,2715,74
1285,70,Female,33553,Urban,36:52.3,2,43,2597,76
1286,32,Male,184304,Rural,36:52.3,5,169,14727,18
1287,62,Male,41382,Suburban,36:52.3,2,51,2193,90
1288,37,Male,35779,Suburban,36:52.3,1,33,1041,51
1289,57,Female,102693,Urban,36:52.3,5,183,26763,14
1290,69,Female,62164,Urban,36:52.3,3,95,8874,22
1291,61,Female,71021,Urban,36:52.3,4,104,8474,39
1292,28,Male,99953,Suburban,36:52.3,3,125,6193,33
1293,63,Female,22143,Suburban,36:52.3,1,34,1438,57
1294,32,Female,55284,Suburban,36:52.3,3,145,8211,27
1295,27,Male,108058,Suburban,36:52.3,6,273,25332,1
1296,36,Male,97594,Rural,36:52.3,3,134,7591,39
1297,18,Male,39814,Rural,36:52.3,1,75,601,69
1298,51,Male,121102,Suburban,36:52.3,11,172,24902,20
1299,49,Female,193142,Rural,36:52.3,6,290,26509,6
1300,39,Male,158059,Urban,36:52.3,9,274,10953,18
1301,51,Female,80283,Urban,36:52.3,4,98,4072,50
1302,26,Male,65088,Suburban,36:52.3,3,94,8629,33
1303,23,Female,199948,Suburban,36:52.3,6,155,12835,13
1304,41,Male,44210,Urban,36:52.3,2,52,2685,99
1305,28,Male,187226,Rural,36:52.3,10,169,14239,20
1306,66,Female,24307,Suburban,36:52.3,1,23,848,62
1307,69,Female,116713,Rural,36:52.3,10,250,29352,18
1308,26,Female,94615,Suburban,36:52.3,4,146,6648,22
1309,47,Male,22885,Urban,36:52.3,2,80,1305,75
1310,32,Male,37275,Urban,36:52.3,2,28,2212,99
1311,36,Female,57852,Urban,36:52.3,3,99,8490,39
1312,30,Male,31044,Urban,36:52.3,1,38,1553,69
1313,66,Female,42702,Rural,36:52.3,2,32,1380,99
1314,60,Male,137939,Rural,36:52.3,5,194,25898,5
1315,35,Male,56510,Suburban,36:52.3,3,127,8364,44
1316,59,Male,38267,Suburban,36:52.3,1,21,2664,72
1317,55,Male,118413,Suburban,36:52.3,5,151,27037,14
1318,44,Female,69743,Suburban,36:52.3,3,127,7701,35
1319,29,Male,96843,Rural,36:52.3,4,111,7091,24
1320,59,Female,37709,Rural,36:52.3,1,39,1027,67
1321,34,Male,90744,Suburban,36:52.3,3,94,6159,32
1322,41,Female,21917,Urban,36:52.3,2,21,1199,85
1323,40,Male,45047,Suburban,36:52.3,2,76,1341,83
1324,54,Male,159788,Suburban,36:52.3,6,257,17903,16
1325,38,Male,28207,Rural,36:52.3,2,73,2263,54
1326,63,Male,99785,Urban,36:52.3,3,121,4868,25
1327,35,Male,46165,Suburban,36:52.3,1,62,551,57
1328,40,Female,62581,Urban,36:52.3,4,87,9432,39
1329,61,Female,70250,Urban,36:52.3,3,127,7800,32
1330,59,Female,124936,Suburban,36:52.3,12,168,10469,13
1331,49,Male,78716,Urban,36:52.3,3,146,5483,24
1332,66,Female,160492,Rural,36:52.3,11,238,12126,20
1333,45,Male,100742,Suburban,36:52.3,10,245,19694,5
1334,25,Female,73022,Urban,36:52.3,3,109,4584,26
1335,58,Male,35500,Rural,36:52.3,1,22,1817,54
1336,67,Male,98477,Urban,36:52.3,4,93,5837,28
1337,62,Male,21560,Rural,36:52.3,2,57,1052,95
1338,51,Male,58212,Urban,36:52.3,3,90,7073,33
1339,41,Female,130710,Rural,36:52.3,10,297,12462,3
1340,60,Female,74334,Rural,36:52.3,3,85,7214,29
1341,54,Female,68682,Urban,36:52.3,3,93,6730,27
1342,38,Female,189205,Urban,36:52.3,10,272,13552,20
1343,22,Female,31679,Urban,36:52.3,2,27,824,92
1344,24,Male,47507,Suburban,36:52.3,2,64,1349,82
1345,23,Male,45977,Urban,36:52.3,1,26,2389,54
1346,24,Male,75315,Suburban,36:52.3,4,82,4759,43
1347,31,Male,37950,Rural,36:52.3,1,38,1592,65
1348,26,Female,82541,Urban,36:52.3,4,131,3626,25
1349,38,Male,33698,Suburban,36:52.3,1,24,1356,52
1350,18,Male,81795,Rural,36:52.3,3,110,7153,49
1351,52,Male,56267,Suburban,36:52.3,3,101,8839,32
1352,31,Female,89335,Urban,36:52.3,4,135,6835,25
1353,64,Female,77299,Urban,36:52.3,4,128,7825,25
1354,70,Female,92653,Urban,36:52.3,3,93,7745,47
1355,68,Male,20393,Rural,36:52.3,1,34,2597,72
1356,60,Male,175976,Rural,36:52.3,10,272,12604,20
1357,41,Female,38543,Suburban,36:52.3,2,32,2231,60
1358,61,Male,182501,Suburban,36:52.3,10,263,29740,2
1359,33,Female,166242,Rural,36:52.3,7,209,16212,16
1360,21,Male,106024,Rural,36:52.3,9,248,26894,18
1361,55,Male,59720,Rural,36:52.3,4,89,9623,43
1362,41,Female,52567,Urban,36:52.3,4,84,8130,23
1363,67,Male,48862,Suburban,36:52.3,2,24,1303,93
1364,25,Male,46274,Rural,36:52.3,1,66,2146,56
1365,54,Female,154573,Urban,36:52.3,6,210,16729,15
1366,28,Female,40679,Urban,36:52.3,2,79,787,98
1367,68,Female,122485,Suburban,36:52.3,11,215,22173,10
1368,53,Male,32704,Rural,36:52.3,2,45,1383,66
1369,27,Female,87932,Rural,36:52.3,4,103,7898,48
1370,40,Male,118002,Suburban,36:52.3,7,251,23700,10
1371,51,Male,40800,Suburban,36:52.3,2,76,1433,84
1372,64,Female,38502,Rural,36:52.3,2,20,2482,73
1373,26,Female,52826,Suburban,36:52.3,3,85,3436,44
1374,37,Male,126219,Urban,36:52.3,5,281,16581,4
1375,31,Female,112102,Suburban,36:52.3,11,285,17818,9
1376,41,Female,73192,Rural,36:52.3,3,105,7420,26
1377,61,Female,21225,Urban,36:52.3,1,66,1642,92
1378,36,Male,42707,Rural,36:52.3,2,75,948,54
1379,28,Male,154047,Urban,36:52.3,6,288,27275,4
1380,33,Male,23125,Rural,36:52.3,2,80,2622,85
1381,36,Male,24946,Suburban,36:52.3,1,73,1001,81
1382,26,Female,31736,Urban,36:52.3,2,42,1556,96
1383,50,Female,42085,Rural,36:52.3,1,42,1978,66
1384,59,Female,192983,Rural,36:52.3,5,299,23317,14
1385,44,Female,160480,Urban,36:52.3,6,183,24180,0
1386,58,Male,77538,Suburban,36:52.3,4,104,4332,42
1387,56,Female,21575,Suburban,36:52.3,1,35,2837,74
1388,68,Male,35030,Rural,36:52.3,1,35,1437,69
1389,29,Female,87266,Rural,36:52.3,4,113,7134,38
1390,31,Female,27918,Urban,36:52.3,1,73,1909,81
1391,38,Female,57960,Rural,36:52.3,4,144,5164,48
1392,70,Female,53517,Urban,36:52.3,4,111,8211,37
1393,48,Male,184944,Suburban,36:52.3,12,257,12648,6
1394,51,Female,67096,Urban,36:52.3,4,119,5078,44
1395,65,Female,52375,Suburban,36:52.3,3,123,3243,42
1396,54,Female,44406,Urban,36:52.3,2,65,1925,82
1397,60,Female,84347,Suburban,36:52.3,4,94,6298,48
1398,58,Female,154436,Urban,36:52.3,8,300,19505,3
1399,41,Male,38366,Suburban,36:52.3,1,31,1840,93
1400,51,Female,69309,Suburban,36:52.3,4,138,4628,36
1401,52,Male,173465,Suburban,36:52.3,5,188,26356,1
1402,31,Female,91133,Rural,36:52.3,3,98,3062,49
1403,21,Male,76101,Urban,36:52.3,3,103,4986,27
1404,54,Male,98415,Suburban,36:52.3,3,147,5194,40
1405,66,Male,197145,Suburban,36:52.3,11,154,29856,6
1406,54,Female,186340,Rural,36:52.3,7,300,19204,0
1407,60,Male,175675,Urban,36:52.3,10,171,26487,0
1408,27,Female,37699,Urban,36:52.3,2,69,2633,51
1409,69,Female,31218,Suburban,36:52.3,2,21,2397,52
1410,57,Male,24016,Urban,36:52.3,2,45,1617,51
1411,42,Male,57289,Urban,36:52.3,4,84,6108,25
1412,26,Female,33672,Rural,36:52.3,2,39,1816,70
1413,41,Female,53094,Urban,36:52.3,3,87,5684,21
1414,41,Female,59149,Suburban,36:52.3,3,127,9052,33
1415,60,Female,135148,Suburban,36:52.3,9,276,20914,5
1416,31,Male,116434,Suburban,36:52.3,8,190,22364,15
1417,54,Female,134437,Suburban,36:52.3,10,203,14174,9
1418,41,Male,73824,Urban,36:52.3,4,89,5404,41
1419,20,Female,124919,Rural,36:52.3,11,263,28093,2
1420,32,Female,35181,Rural,36:52.3,1,40,1856,81
1421,66,Female,41979,Suburban,36:52.3,2,41,2963,91
1422,23,Male,26958,Suburban,36:52.3,1,58,2548,61
1423,29,Male,22790,Urban,36:52.3,2,51,2287,74
1424,39,Female,168971,Suburban,36:52.3,11,249,26132,12
1425,18,Male,155685,Rural,36:52.3,10,239,21517,1
1426,27,Male,76643,Rural,36:52.3,3,82,6799,46
1427,59,Male,167424,Suburban,36:52.3,7,271,12313,14
1428,57,Female,155810,Rural,36:52.3,8,272,15003,8
1429,40,Male,21810,Suburban,36:52.3,2,52,2893,84
1430,36,Female,136125,Rural,36:52.3,5,228,25531,0
1431,53,Male,70650,Urban,36:52.3,3,142,6925,37
1432,37,Female,21554,Urban,36:52.3,1,58,849,80
1433,20,Female,43071,Rural,36:52.3,2,48,1468,51
1434,55,Male,69599,Urban,36:52.3,3,103,8497,43
1435,50,Male,39860,Urban,36:52.3,1,44,1819,97
1436,34,Female,43673,Rural,36:52.3,2,24,1757,61
1437,53,Male,46753,Rural,36:52.3,2,28,671,62
1438,43,Male,64320,Rural,36:52.3,4,100,4622,25
1439,62,Female,182860,Urban,36:52.3,5,194,12827,18
1440,47,Female,113377,Rural,36:52.3,6,153,29760,12
1441,66,Male,106047,Suburban,36:52.3,12,284,13186,19
1442,20,Female,40371,Urban,36:52.3,2,75,2311,70
1443,57,Male,24187,Suburban,36:52.3,1,44,1533,64
1444,66,Male,95652,Suburban,36:52.3,4,137,8228,34
1445,40,Female,186750,Urban,36:52.3,7,225,23760,11
1446,45,Male,35791,Urban,36:52.3,2,63,1381,80
1447,47,Male,150953,Urban,36:52.3,8,234,11222,9
1448,44,Female,82333,Rural,36:52.3,4,139,5685,38
1449,33,Female,46787,Suburban,36:52.3,1,28,870,98
1450,35,Female,135101,Suburban,36:52.3,7,281,15832,1
1451,37,Female,32631,Suburban,36:52.3,1,56,2830,98
1452,60,Female,31023,Suburban,36:52.3,1,31,734,98
1453,46,Female,69147,Rural,36:52.3,3,91,5269,31
1454,62,Male,123420,Rural,36:52.3,10,278,15713,11
1455,52,Female,125082,Suburban,36:52.3,6,297,11991,6
1456,68,Female,179101,Suburban,36:52.3,8,283,11509,14
1457,57,Male,88334,Urban,36:52.3,4,98,8983,27
1458,61,Male,20548,Rural,36:52.3,1,56,903,70
1459,28,Female,88922,Suburban,36:52.3,4,112,8837,50
1460,34,Female,51495,Urban,36:52.3,3,134,7811,27
1461,49,Female,85292,Rural,36:52.3,4,114,3656,28
1462,49,Male,105298,Rural,36:52.3,7,272,12401,20
1463,58,Male,182496,Rural,36:52.3,7,168,28752,7
1464,42,Female,59697,Rural,36:52.3,4,122,8309,36
1465,32,Female,66777,Urban,36:52.3,4,120,3198,20
1466,39,Female,26811,Suburban,36:52.3,1,51,2723,89
1467,32,Female,138194,Rural,36:52.3,9,266,23062,5
1468,60,Male,75992,Urban,36:52.3,4,94,9626,26
1469,50,Male,32081,Urban,36:52.3,2,20,1517,86
1470,25,Male,73950,Rural,36:52.3,4,136,9672,48
1471,20,Female,124704,Rural,36:52.3,10,259,14411,6
1472,31,Male,83664,Suburban,36:52.3,4,144,8689,31
1473,34,Male,165311,Urban,36:52.3,6,176,21538,4
1474,36,Male,56902,Rural,36:52.3,4,147,4598,39
1475,57,Male,131204,Urban,36:52.3,10,234,20934,2
1476,52,Female,181125,Suburban,36:52.3,5,277,18471,14
1477,45,Male,46385,Urban,36:52.3,2,77,2858,76
1478,22,Male,124870,Suburban,36:52.3,12,154,20122,13
1479,28,Male,87387,Urban,36:52.3,3,84,9808,35
1480,58,Female,114780,Suburban,36:52.3,7,227,22787,6
1481,49,Female,122796,Urban,36:52.3,10,236,21143,4
1482,29,Female,67088,Suburban,36:52.3,4,97,8054,33
1483,48,Female,66274,Rural,36:52.3,4,142,7520,46
1484,67,Male,34165,Urban,36:52.3,1,21,1773,95
1485,37,Male,167999,Urban,36:52.3,7,299,14535,9
1486,57,Male,30002,Urban,36:52.3,2,32,1157,83
1487,33,Male,50821,Suburban,36:52.3,3,86,7746,43
1488,27,Male,125086,Urban,36:52.3,8,201,25132,4
1489,66,Male,189991,Rural,36:52.3,10,272,27610,2
1490,56,Female,36135,Rural,36:52.3,2,51,622,94
1491,45,Male,94395,Rural,36:52.3,4,115,9296,28
1492,26,Male,96616,Suburban,36:52.3,4,128,5937,43
1493,37,Male,44836,Urban,36:52.3,1,72,1508,54
1494,48,Female,48268,Suburban,36:52.3,1,57,2616,57
1495,29,Male,42855,Suburban,36:52.3,1,21,626,87
1496,36,Female,45313,Urban,36:52.3,1,33,1414,92
1497,58,Female,195929,Suburban,36:52.3,11,211,10083,5
1498,43,Female,113643,Rural,36:52.3,5,277,25123,11
1499,46,Female,27457,Urban,36:52.3,2,30,2044,87
1500,59,Female,91573,Suburban,36:52.3,3,114,8062,32
1501,28,Female,77240,Urban,36:52.3,3,93,9480,38
1502,57,Male,191189,Rural,36:52.3,7,212,29849,1
1503,53,Male,98640,Suburban,36:52.3,3,85,8054,25
1504,34,Female,142998,Rural,36:52.3,7,195,16565,16
1505,33,Male,94631,Rural,36:52.3,3,104,6143,23
1506,57,Female,133980,Rural,36:52.3,12,250,15666,13
1507,66,Female,33006,Suburban,36:52.3,1,40,1911,68
1508,46,Male,109113,Rural,36:52.3,7,195,21713,15
1509,56,Male,146656,Rural,36:52.3,6,224,10133,7
1510,19,Male,54844,Urban,36:52.3,3,101,8727,48
1511,58,Female,49200,Suburban,36:52.3,1,69,1845,59
1512,59,Female,72950,Rural,36:52.3,3,80,9491,41
1513,52,Female,120629,Suburban,36:52.3,8,290,20912,15
1514,21,Female,25883,Rural,36:52.3,2,33,1977,60
1515,31,Female,72793,Rural,36:52.3,3,114,6377,36
1516,26,Male,121148,Suburban,36:52.3,12,177,15659,4
1517,48,Male,46060,Suburban,36:52.3,2,73,2486,88
1518,64,Male,164599,Suburban,36:52.3,6,290,16474,12
1519,60,Female,142992,Suburban,36:52.3,7,265,29708,16
1520,47,Female,56960,Urban,36:52.3,4,135,3104,31
1521,56,Female,21781,Suburban,36:52.3,2,36,2321,62
1522,39,Male,110641,Rural,36:52.3,7,191,15194,16
1523,68,Female,72086,Suburban,36:52.3,3,122,3664,27
1524,27,Male,65461,Urban,36:52.3,3,90,8532,43
1525,51,Female,140333,Suburban,36:52.3,7,240,15336,13
1526,70,Male,115664,Urban,36:52.3,6,298,13489,11
1527,37,Male,84827,Rural,36:52.3,4,109,8433,30
1528,36,Male,80391,Rural,36:52.3,3,103,6816,28
1529,37,Female,32671,Urban,36:52.3,2,31,942,63
1530,26,Male,38052,Suburban,36:52.3,1,39,2605,54
1531,35,Female,124640,Rural,36:52.3,8,224,23036,15
1532,38,Male,65752,Suburban,36:52.3,4,132,5714,21
1533,23,Male,91331,Urban,36:52.3,3,140,9439,48
1534,49,Female,136682,Urban,36:52.3,5,300,16126,11
1535,34,Female,94463,Urban,36:52.3,3,124,7627,40
1536,65,Male,161612,Suburban,36:52.3,6,176,21181,17
1537,34,Female,146332,Rural,36:52.3,7,243,13189,2
1538,26,Male,81033,Rural,36:52.3,3,119,8273,23
1539,56,Female,103009,Urban,36:52.3,5,194,23945,3
1540,18,Female,168876,Suburban,36:52.3,5,214,13727,3
1541,49,Male,24742,Rural,36:52.3,1,74,2195,73
1542,63,Female,46237,Suburban,36:52.3,2,53,2387,73
1543,66,Female,75699,Urban,36:52.3,3,111,8793,41
1544,18,Male,37735,Urban,36:52.3,2,68,2105,75
1545,65,Male,160891,Urban,36:52.3,6,198,18492,1
1546,26,Male,93742,Rural,36:52.3,4,133,3742,46
1547,20,Male,186581,Suburban,36:52.3,5,295,22064,12
1548,35,Female,83484,Suburban,36:52.3,4,87,9321,33
1549,58,Male,172008,Suburban,36:52.3,11,262,12585,2
1550,49,Male,43697,Rural,36:52.3,1,51,2512,85
1551,61,Male,191820,Suburban,36:52.3,6,202,23822,14
1552,52,Male,94301,Rural,36:52.3,3,108,9218,39
1553,32,Female,63103,Rural,36:52.3,3,143,8933,32
1554,46,Male,45089,Suburban,36:52.3,2,29,1244,92
1555,52,Male,23997,Urban,36:52.3,2,26,2939,98
1556,42,Male,28723,Urban,36:52.3,1,37,1067,50
1557,57,Female,30678,Rural,36:52.3,1,43,2879,62
1558,19,Female,60388,Urban,36:52.3,4,119,9416,39
1559,53,Female,147582,Urban,36:52.3,8,284,12528,14
1560,46,Male,109900,Rural,36:52.3,8,295,29420,4
1561,22,Female,33554,Rural,36:52.3,2,54,2352,61
1562,43,Female,48354,Rural,36:52.3,2,60,1827,66
1563,52,Male,99594,Rural,36:52.3,4,115,3528,44
1564,62,Male,141098,Rural,36:52.3,5,253,14342,18
1565,59,Female,37834,Rural,36:52.3,1,43,577,54
1566,37,Female,190613,Urban,36:52.3,6,292,18222,15
1567,44,Male,129899,Suburban,36:52.3,12,194,26137,11
1568,23,Female,108022,Urban,36:52.3,5,197,15297,0
1569,30,Male,21656,Rural,36:52.3,2,21,1979,77
1570,21,Male,164864,Rural,36:52.3,11,184,11964,8
1571,53,Male,60345,Rural,36:52.3,3,107,9547,27
1572,21,Male,102216,Urban,36:52.3,10,219,23058,11
1573,39,Female,79426,Rural,36:52.3,3,145,6417,42
1574,59,Female,58127,Suburban,36:52.3,4,93,3996,38
1575,38,Male,56057,Rural,36:52.3,3,136,8953,28
1576,37,Male,128550,Suburban,36:52.3,7,269,11220,14
1577,42,Female,194827,Suburban,36:52.3,12,225,16069,18
1578,43,Female,59983,Rural,36:52.3,4,145,4867,35
1579,30,Female,177937,Urban,36:52.3,12,272,21528,7
1580,43,Male,106260,Suburban,36:52.3,6,284,26244,16
1581,29,Male,86944,Urban,36:52.3,3,149,9017,21
1582,33,Female,35291,Urban,36:52.3,2,33,682,87
1583,69,Female,122314,Suburban,36:52.3,5,276,23794,8
1584,61,Female,113417,Urban,36:52.3,10,182,22753,9
1585,32,Male,95956,Suburban,36:52.3,4,121,3748,47
1586,61,Male,20477,Suburban,36:52.3,2,48,2166,65
1587,28,Female,21412,Rural,36:52.3,2,56,1668,91
1588,58,Female,40712,Urban,36:52.3,2,47,2458,67
1589,21,Female,54134,Urban,36:52.3,3,103,9764,22
1590,34,Male,88581,Urban,36:52.3,4,89,9147,43
1591,59,Male,156196,Rural,36:52.3,11,206,25192,10
1592,66,Female,29916,Suburban,36:52.3,2,55,1279,53
1593,21,Male,148616,Rural,36:52.3,10,270,28934,12
1594,38,Male,174016,Rural,36:52.3,11,202,14447,17
1595,31,Male,95652,Suburban,36:52.3,4,131,9783,21
1596,69,Male,154284,Suburban,36:52.3,10,286,22932,0
1597,23,Female,79127,Suburban,36:52.3,3,135,8035,48
1598,55,Male,185859,Rural,36:52.3,7,173,20525,4
1599,47,Male,48933,Rural,36:52.3,1,73,880,89
1600,42,Female,40397,Urban,36:52.3,2,24,2925,50
1601,51,Female,193991,Urban,36:52.3,5,290,28822,12
1602,55,Male,44505,Rural,36:52.3,1,45,709,62
1603,51,Male,47888,Rural,36:52.3,2,34,1701,86
1604,29,Female,76040,Urban,36:52.3,4,134,8570,26
1605,48,Female,33999,Urban,36:52.3,2,69,2847,62
1606,49,Female,135043,Urban,36:52.3,7,291,20137,11
1607,63,Female,72936,Rural,36:52.3,3,148,9538,32
1608,29,Male,94477,Suburban,36:52.3,4,108,9941,32
1609,52,Female,118858,Urban,36:52.3,9,300,27113,9
1610,39,Male,69720,Rural,36:52.3,3,123,7322,23
1611,33,Male,163593,Urban,36:52.3,6,269,17761,16
1612,22,Female,32285,Rural,36:52.3,1,53,584,58
1613,50,Male,35932,Urban,36:52.3,1,44,952,83
1614,61,Male,180380,Urban,36:52.3,11,184,27424,7
1615,24,Female,38330,Urban,36:52.3,1,42,1490,81
1616,63,Female,24064,Urban,36:52.3,2,61,2452,96
1617,46,Male,49369,Urban,36:52.3,1,27,2097,55
1618,58,Female,44845,Urban,36:52.3,1,37,851,55
1619,43,Female,66281,Suburban,36:52.3,3,124,6486,48
1620,54,Female,41347,Rural,36:52.3,2,62,1223,83
1621,55,Male,145524,Suburban,36:52.3,7,150,16660,16
1622,34,Female,38289,Suburban,36:52.3,2,71,1788,69
1623,34,Male,64660,Suburban,36:52.3,3,124,4100,20
1624,69,Male,38979,Urban,36:52.3,2,25,2091,59
1625,31,Female,24205,Rural,36:52.3,2,34,892,95
1626,41,Male,120453,Urban,36:52.3,9,178,27174,12
1627,58,Female,73711,Suburban,36:52.3,4,119,8224,35
1628,47,Male,74142,Rural,36:52.3,3,95,8558,48
1629,38,Male,111813,Rural,36:52.3,7,150,25724,2
1630,49,Female,22061,Rural,36:52.3,1,32,663,69
1631,53,Male,49816,Rural,36:52.3,2,73,2362,68
1632,45,Male,183651,Suburban,36:52.3,5,217,27228,13
1633,30,Female,69856,Urban,36:52.3,3,99,8367,44
1634,35,Male,118158,Urban,36:52.3,12,243,22639,3
1635,48,Female,40921,Urban,36:52.3,1,74,2894,79
1636,48,Male,86492,Rural,36:52.3,4,129,6462,20
1637,25,Female,168317,Rural,36:52.3,9,198,21651,9
1638,35,Male,130602,Urban,36:52.3,7,191,29922,5
1639,36,Male,96686,Urban,36:52.3,3,105,8645,38
1640,27,Female,39893,Suburban,36:52.3,2,46,1661,66
1641,69,Female,38647,Suburban,36:52.3,1,40,832,87
1642,42,Female,45898,Suburban,36:52.3,2,67,2018,100
1643,70,Male,30850,Suburban,36:52.3,1,75,2634,92
1644,34,Female,34126,Suburban,36:52.3,2,21,1805,75
1645,34,Female,123008,Suburban,36:52.3,12,274,12689,19
1646,49,Female,81998,Urban,36:52.3,4,95,8903,26
1647,38,Female,65119,Rural,36:52.3,3,90,9301,35
1648,23,Female,194112,Urban,36:52.3,6,165,17271,14
1649,39,Male,185654,Urban,36:52.3,9,255,28412,6
1650,26,Male,110558,Suburban,36:52.3,10,204,10937,1
1651,29,Male,54057,Suburban,36:52.3,3,149,6775,45
1652,42,Female,115599,Urban,36:52.3,12,165,11815,11
1653,19,Female,88487,Rural,36:52.3,4,139,6772,45
1654,53,Female,67951,Urban,36:52.3,3,136,3569,34
1655,41,Male,158449,Suburban,36:52.3,10,160,11409,15
1656,40,Female,21594,Urban,36:52.3,2,31,2668,98
1657,60,Female,114992,Rural,36:52.3,7,215,15852,20
1658,30,Female,69728,Urban,36:52.3,3,133,7610,47
1659,56,Male,113016,Rural,36:52.3,5,257,27077,8
1660,53,Male,183742,Suburban,36:52.3,11,243,21170,12
1661,66,Male,109816,Suburban,36:52.3,6,266,18455,8
1662,30,Male,186253,Rural,36:52.3,8,162,14764,12
1663,22,Male,195078,Urban,36:52.3,8,187,13279,0
1664,63,Male,121141,Urban,36:52.3,11,208,17451,5
1665,67,Male,64065,Rural,36:52.3,3,112,5379,23
1666,49,Male,137432,Suburban,36:52.3,6,252,16088,2
1667,61,Female,46124,Rural,36:52.3,1,51,2940,99
1668,20,Female,146345,Suburban,36:52.3,12,239,29300,10
1669,43,Male,53945,Suburban,36:52.3,4,138,5950,49
1670,55,Female,40121,Suburban,36:52.3,2,77,1555,80
1671,27,Female,78863,Urban,36:52.3,3,149,9120,41
1672,20,Male,38700,Rural,36:52.3,1,68,2535,81
1673,63,Female,35349,Urban,36:52.3,2,77,1227,51
1674,42,Female,78808,Urban,36:52.3,3,83,8421,38
1675,23,Female,48114,Rural,36:52.3,1,76,1328,74
1676,61,Female,30973,Suburban,36:52.3,2,45,1468,51
1677,54,Female,33769,Urban,36:52.3,2,75,1619,94
1678,66,Female,175832,Urban,36:52.3,8,265,22425,13
1679,46,Female,90280,Rural,36:52.3,3,93,3134,41
1680,20,Female,194854,Rural,36:52.3,9,188,18930,2
1681,41,Female,47579,Urban,36:52.3,1,37,2343,91
1682,56,Male,134740,Rural,36:52.3,12,299,13664,15
1683,68,Male,44387,Urban,36:52.3,2,31,2598,68
1684,62,Male,58533,Rural,36:52.3,4,129,4462,30
1685,18,Female,134716,Suburban,36:52.3,11,238,13832,1
1686,60,Female,191291,Suburban,36:52.3,7,265,26315,18
1687,39,Female,47981,Suburban,36:52.3,2,28,577,98
1688,46,Female,62652,Urban,36:52.3,4,123,3312,21
1689,67,Male,95139,Rural,36:52.3,3,90,6935,33
1690,65,Female,41380,Urban,36:52.3,2,51,1024,81
1691,69,Female,109845,Suburban,36:52.3,6,242,11553,3
1692,43,Male,26046,Rural,36:52.3,2,39,1987,95
1693,55,Male,35711,Suburban,36:52.3,2,70,1118,52
1694,33,Female,63780,Suburban,36:52.3,3,119,7418,21
1695,66,Female,109151,Rural,36:52.3,9,201,10898,9
1696,27,Male,98667,Suburban,36:52.3,3,85,9359,49
1697,29,Male,37344,Rural,36:52.3,1,20,2878,97
1698,35,Male,69240,Urban,36:52.3,3,139,6717,22
1699,40,Male,29078,Urban,36:52.3,2,66,2340,92
1700,68,Male,47900,Urban,36:52.3,1,47,1312,84
1701,60,Female,87305,Suburban,36:52.3,3,87,4655,26
1702,28,Female,20583,Suburban,36:52.3,1,23,582,60
1703,52,Male,30047,Urban,36:52.3,1,79,1475,55
1704,22,Male,99463,Urban,36:52.3,4,139,3596,36
1705,68,Male,54307,Suburban,36:52.3,3,94,8525,24
1706,68,Male,91543,Urban,36:52.3,3,121,6531,48
1707,35,Female,40164,Suburban,36:52.3,1,50,954,64
1708,46,Male,64002,Suburban,36:52.3,3,143,4080,42
1709,43,Female,32919,Rural,36:52.3,2,77,1027,79
1710,35,Female,29997,Rural,36:52.3,1,60,1800,83
1711,23,Male,39755,Urban,36:52.3,2,54,1739,100
1712,48,Female,106291,Urban,36:52.3,11,219,19156,14
1713,53,Male,109322,Rural,36:52.3,8,176,13475,14
1714,59,Male,20175,Rural,36:52.3,2,71,1400,100
1715,29,Male,180452,Rural,36:52.3,10,205,10514,19
1716,21,Female,35696,Suburban,36:52.3,1,67,1113,77
1717,38,Female,140393,Urban,36:52.3,10,226,24723,7
1718,61,Female,29773,Suburban,36:52.3,2,33,2499,67
1719,65,Male,50587,Urban,36:52.3,4,131,9045,32
1720,22,Female,45650,Urban,36:52.3,1,43,1173,82
1721,53,Female,28832,Urban,36:52.3,2,68,2927,93
1722,34,Male,22844,Urban,36:52.3,2,22,2137,65
1723,38,Male,45726,Suburban,36:52.3,2,37,1823,59
1724,44,Female,65673,Urban,36:52.3,3,97,7655,49
1725,24,Female,94611,Urban,36:52.3,4,133,4042,38
1726,37,Female,86044,Urban,36:52.3,4,90,7844,49
1727,19,Female,28391,Rural,36:52.3,1,23,743,62
1728,50,Female,28562,Urban,36:52.3,1,63,2977,54
1729,24,Female,46369,Rural,36:52.3,1,57,1278,100
1730,54,Male,84977,Suburban,36:52.3,4,141,3830,39
1731,28,Male,92414,Urban,36:52.3,3,142,5391,21
1732,43,Female,37648,Rural,36:52.3,2,35,513,100
1733,37,Male,45266,Rural,36:52.3,2,28,2117,72
1734,35,Male,75671,Urban,36:52.3,4,102,7583,20
1735,57,Female,135286,Urban,36:52.3,7,188,17506,20
1736,29,Male,106477,Suburban,36:52.3,5,176,11882,10
1737,46,Female,175459,Rural,36:52.3,8,218,12276,1
1738,47,Female,113494,Suburban,36:52.3,10,163,25078,14
1739,39,Female,88864,Suburban,36:52.3,3,147,3812,43
1740,39,Male,66056,Suburban,36:52.3,3,117,7840,25
1741,42,Male,42412,Suburban,36:52.3,2,27,2505,59
1742,57,Female,120817,Urban,36:52.3,7,259,17786,2
1743,21,Male,147496,Suburban,36:52.3,9,259,13460,19
1744,42,Male,25912,Rural,36:52.3,1,21,933,95
1745,51,Female,66739,Urban,36:52.3,3,101,3573,35
1746,45,Male,23607,Rural,36:52.3,2,38,700,68
1747,64,Female,45958,Rural,36:52.3,2,49,2714,62
1748,57,Male,42667,Rural,36:52.3,2,68,1636,99
1749,32,Male,43797,Rural,36:52.3,1,73,2908,88
1750,41,Male,61257,Suburban,36:52.3,3,93,8826,32
1751,32,Female,35876,Urban,36:52.3,2,28,1982,81
1752,68,Female,124612,Urban,36:52.3,5,155,20296,9
1753,18,Female,24661,Urban,36:52.3,2,42,1992,83
1754,42,Male,69348,Rural,36:52.3,3,82,3205,47
1755,68,Male,71164,Suburban,36:52.3,4,84,4460,41
1756,39,Male,20385,Urban,36:52.3,1,72,665,96
1757,59,Male,110965,Suburban,36:52.3,12,262,10565,1
1758,43,Female,120499,Rural,36:52.3,7,245,11373,17
1759,20,Male,130080,Urban,36:52.3,8,232,20581,2
1760,48,Female,190755,Suburban,36:52.3,5,187,27380,7
1761,50,Male,27964,Rural,36:52.3,1,64,1276,81
1762,41,Female,79306,Suburban,36:52.3,4,103,6798,46
1763,25,Male,47887,Suburban,36:52.3,2,35,674,89
1764,30,Male,74890,Rural,36:52.3,3,88,3852,34
1765,54,Male,30909,Rural,36:52.3,2,66,532,60
1766,57,Female,21394,Rural,36:52.3,2,60,795,68
1767,34,Female,86984,Suburban,36:52.3,3,135,8477,43
1768,60,Male,42117,Suburban,36:52.3,2,56,2531,57
1769,44,Female,67570,Urban,36:52.3,4,148,5679,34
1770,58,Male,154834,Rural,36:52.3,7,160,26115,10
1771,51,Male,178752,Urban,36:52.3,11,215,20531,4
1772,57,Female,50882,Rural,36:52.3,4,126,9015,26
1773,69,Female,81511,Urban,36:52.3,3,114,7163,27
1774,22,Female,31348,Rural,36:52.3,2,37,1442,57
1775,21,Male,168186,Rural,36:52.3,5,229,19646,6
1776,48,Female,34359,Rural,36:52.3,1,47,2349,94
1777,47,Male,140613,Rural,36:52.3,8,204,11684,13
1778,62,Female,161808,Rural,36:52.3,10,172,27727,16
1779,58,Male,66360,Suburban,36:52.3,4,89,7712,20
1780,55,Female,23727,Urban,36:52.3,1,50,1450,72
1781,22,Male,164912,Rural,36:52.3,8,260,13357,0
1782,32,Male,59920,Rural,36:52.3,3,126,3235,27
1783,51,Female,87548,Rural,36:52.3,3,123,7213,35
1784,42,Male,155280,Urban,36:52.3,12,150,15886,18
1785,22,Female,67090,Suburban,36:52.3,3,121,3110,24
1786,54,Female,28821,Rural,36:52.3,1,68,2849,61
1787,29,Female,152984,Urban,36:52.3,8,277,25723,3
1788,26,Female,43021,Rural,36:52.3,1,66,2501,93
1789,26,Female,189089,Suburban,36:52.3,9,225,14930,10
1790,23,Male,71349,Urban,36:52.3,4,106,5161,22
1791,31,Male,28952,Urban,36:52.3,1,69,2347,71
1792,44,Male,112910,Rural,36:52.3,6,295,16725,18
1793,63,Male,84986,Rural,36:52.3,4,136,8180,33
1794,67,Female,27289,Urban,36:52.3,2,32,1947,82
1795,67,Female,189799,Suburban,36:52.3,6,220,13986,12
1796,67,Female,31894,Rural,36:52.3,2,76,2381,73
1797,59,Male,174342,Suburban,36:52.3,6,182,16787,5
1798,34,Female,191754,Suburban,36:52.3,12,272,13338,6
1799,64,Female,69674,Rural,36:52.3,3,81,7322,31
1800,47,Female,21218,Suburban,36:52.3,2,74,1584,90
1801,41,Female,57887,Suburban,36:52.3,4,91,8681,42
1802,29,Female,34334,Rural,36:52.3,1,34,2828,65
1803,26,Male,53646,Urban,36:52.3,3,130,3655,39
1804,70,Male,38142,Urban,36:52.3,1,23,1442,84
1805,58,Female,81413,Urban,36:52.3,4,99,7420,31
1806,23,Male,44407,Suburban,36:52.3,1,60,2331,63
1807,20,Male,98570,Suburban,36:52.3,3,120,4991,37
1808,62,Male,86366,Rural,36:52.3,3,101,5526,33
1809,57,Female,181549,Rural,36:52.3,12,179,18950,13
1810,45,Male,98191,Urban,36:52.3,3,127,3488,24
1811,41,Male,73257,Rural,36:52.3,3,134,8233,36
1812,28,Male,112982,Urban,36:52.3,6,231,15733,5
1813,65,Female,161332,Suburban,36:52.3,6,157,22406,8
1814,47,Male,56128,Suburban,36:52.3,4,149,5556,32
1815,24,Female,78241,Suburban,36:52.3,3,149,5579,47
1816,55,Male,105987,Urban,36:52.3,10,290,25006,4
1817,18,Female,104740,Suburban,36:52.3,9,234,24790,9
1818,33,Male,106646,Rural,36:52.3,7,153,26360,20
1819,33,Female,20557,Suburban,36:52.3,2,60,717,92
1820,29,Female,34490,Suburban,36:52.3,1,49,1780,71
1821,27,Male,25971,Suburban,36:52.3,1,63,1176,97
1822,18,Male,135918,Suburban,36:52.3,6,281,18638,13
1823,67,Male,80708,Urban,36:52.3,4,144,4439,46
1824,65,Female,124902,Suburban,36:52.3,8,225,16241,0
1825,32,Female,85884,Suburban,36:52.3,4,142,8317,31
1826,21,Male,93127,Urban,36:52.3,3,147,5399,36
1827,18,Male,77868,Urban,36:52.3,4,138,4735,50
1828,50,Male,99580,Suburban,36:52.3,4,81,4245,26
1829,66,Male,72594,Urban,36:52.3,4,123,6709,38
1830,56,Female,87973,Urban,36:52.3,4,134,8315,25
1831,39,Female,155768,Suburban,36:52.3,7,292,26714,11
1832,28,Male,114144,Rural,36:52.3,9,240,12652,18
1833,25,Male,31022,Suburban,36:52.3,2,54,2413,84
1834,36,Female,116076,Rural,36:52.3,12,214,26874,1
1835,19,Female,35150,Rural,36:52.3,2,64,2091,96
1836,24,Male,117566,Suburban,36:52.3,10,200,16297,3
1837,19,Male,124102,Suburban,36:52.3,6,267,16823,12
1838,60,Female,69409,Urban,36:52.3,4,96,5304,46
1839,34,Female,37005,Urban,36:52.3,2,34,1835,65
1840,52,Female,71214,Urban,36:52.3,3,137,8752,48
1841,19,Male,84340,Suburban,36:52.3,4,124,8934,23
1842,26,Female,84573,Suburban,36:52.3,3,150,7756,35
1843,38,Female,165166,Rural,36:52.3,5,262,10130,9
1844,34,Male,90746,Urban,36:52.3,3,141,6550,31
1845,43,Female,124074,Urban,36:52.3,8,171,21830,19
1846,45,Male,49425,Suburban,36:52.3,2,62,2130,77
1847,55,Female,143837,Suburban,36:52.3,6,261,11331,14
1848,51,Female,51482,Rural,36:52.3,3,108,7965,25
1849,63,Male,199907,Suburban,36:52.3,7,167,15912,15
1850,57,Male,167832,Suburban,36:52.3,9,230,20528,2
1851,61,Male,76478,Rural,36:52.3,3,96,5569,26
1852,67,Female,75156,Rural,36:52.3,3,139,6638,33
1853,21,Male,100114,Suburban,36:52.3,5,185,20790,15
1854,41,Female,63192,Rural,36:52.3,4,118,5691,40
1855,48,Male,195392,Urban,36:52.3,5,245,17289,8
1856,43,Male,42735,Urban,36:52.3,1,61,1789,84
1857,37,Male,29107,Urban,36:52.3,2,29,2500,64
1858,47,Female,36192,Rural,36:52.3,1,28,2524,93
1859,69,Female,87883,Rural,36:52.3,4,109,6063,47
1860,69,Male,83567,Urban,36:52.3,3,129,4572,20
1861,68,Male,106499,Urban,36:52.3,9,171,18085,20
1862,34,Female,25374,Rural,36:52.3,2,79,759,59
1863,40,Female,38389,Rural,36:52.3,1,61,1792,90
1864,48,Female,45201,Urban,36:52.3,1,34,1341,58
1865,48,Female,116335,Urban,36:52.3,6,209,21064,3
1866,66,Male,131740,Urban,36:52.3,11,286,11603,8
1867,58,Male,169412,Rural,36:52.3,10,279,28306,3
1868,68,Female,42546,Urban,36:52.3,2,52,1157,87
1869,53,Female,30353,Urban,36:52.3,2,27,527,80
1870,46,Male,70518,Rural,36:52.3,3,119,6958,32
1871,43,Female,56000,Suburban,36:52.3,4,103,3105,21
1872,41,Female,75056,Urban,36:52.3,3,106,4857,27
1873,66,Female,95432,Urban,36:52.3,3,83,8003,35
1874,52,Female,42519,Rural,36:52.3,2,58,2945,97
1875,53,Female,44000,Suburban,36:52.3,1,40,2537,95
1876,33,Male,21371,Rural,36:52.3,2,25,1362,82
1877,21,Female,40092,Suburban,36:52.3,2,61,2997,100
1878,54,Female,56070,Rural,36:52.3,3,110,9010,47
1879,31,Male,45999,Rural,36:52.3,2,74,1733,84
1880,36,Male,79585,Rural,36:52.3,3,85,9610,37
1881,24,Female,35977,Suburban,36:52.3,2,76,1815,52
1882,23,Male,42152,Suburban,36:52.3,2,59,1535,95
1883,29,Male,190882,Suburban,36:52.3,7,229,25060,2
1884,32,Male,136327,Rural,36:52.3,7,277,12729,19
1885,23,Male,44504,Suburban,36:52.3,1,21,930,62
1886,47,Male,106149,Suburban,36:52.3,7,185,26329,8
1887,46,Female,54520,Suburban,36:52.3,3,119,6387,29
1888,55,Male,28125,Urban,36:52.3,2,77,1057,55
1889,45,Male,145774,Rural,36:52.3,8,208,11545,16
1890,38,Male,120325,Rural,36:52.3,9,239,20618,2
1891,60,Female,62638,Rural,36:52.3,3,113,4089,38
1892,64,Male,90292,Rural,36:52.3,4,109,4831,28
1893,56,Male,84099,Suburban,36:52.3,3,103,9344,28
1894,60,Female,68316,Urban,36:52.3,3,121,3920,33
1895,22,Female,25679,Suburban,36:52.3,2,79,535,59
1896,27,Male,54421,Rural,36:52.3,4,150,7600,37
1897,34,Male,39962,Urban,36:52.3,1,74,1515,92
1898,29,Male,34254,Rural,36:52.3,2,66,561,91
1899,24,Male,156584,Urban,36:52.3,7,294,15822,10
1900,28,Male,43418,Suburban,36:52.3,1,44,2075,87
1901,63,Male,58247,Rural,36:52.3,3,127,8401,35
1902,57,Male,166037,Suburban,36:52.3,5,246,20437,2
1903,19,Female,182767,Suburban,36:52.3,7,286,10463,12
1904,46,Male,74596,Urban,36:52.3,4,104,6859,46
1905,38,Female,169520,Urban,36:52.3,5,183,21250,12
1906,52,Female,23256,Rural,36:52.3,1,24,2718,65
1907,30,Male,173875,Urban,36:52.3,6,268,26465,11
1908,51,Male,105694,Urban,36:52.3,7,287,27626,2
1909,50,Male,107407,Suburban,36:52.3,11,166,25967,10
1910,41,Female,139525,Suburban,36:52.3,7,293,21340,12
1911,62,Male,72749,Suburban,36:52.3,4,147,9006,40
1912,62,Female,48683,Urban,36:52.3,1,77,1613,65
1913,58,Female,57131,Suburban,36:52.3,3,82,6541,49
1914,41,Male,56282,Suburban,36:52.3,4,149,6712,21
1915,68,Female,155632,Urban,36:52.3,10,161,28054,0
1916,29,Female,145636,Urban,36:52.3,11,180,27943,14
1917,24,Female,31337,Urban,36:52.3,2,21,2299,65
1918,66,Male,73940,Rural,36:52.3,3,90,5187,40
1919,19,Male,86078,Rural,36:52.3,3,84,6940,34
1920,64,Male,34183,Suburban,36:52.3,2,70,1878,82
1921,62,Male,169460,Urban,36:52.3,8,200,23474,7
1922,24,Male,72756,Rural,36:52.3,4,144,6447,34
1923,62,Female,109968,Urban,36:52.3,9,213,20590,15
1924,63,Female,90251,Urban,36:52.3,4,128,7378,39
1925,49,Female,42533,Suburban,36:52.3,1,64,1340,89
1926,18,Female,174132,Rural,36:52.3,9,177,11334,9
1927,37,Male,173020,Suburban,36:52.3,10,174,21374,5
1928,26,Female,54066,Suburban,36:52.3,4,134,4051,49
1929,33,Female,174837,Rural,36:52.3,12,217,11852,4
1930,70,Female,39713,Urban,36:52.3,2,25,1579,85
1931,28,Male,171942,Suburban,36:52.3,5,183,26496,15
1932,53,Male,86940,Rural,36:52.3,3,135,9125,26
1933,33,Female,20416,Rural,36:52.3,1,26,734,58
1934,36,Female,88269,Rural,36:52.3,3,112,8609,41
1935,27,Male,54651,Rural,36:52.3,3,112,3835,32
1936,18,Male,50810,Suburban,36:52.3,4,148,4594,46
1937,52,Male,177987,Rural,36:52.3,9,253,23293,4
1938,50,Male,76461,Rural,36:52.3,3,130,5749,29
1939,50,Male,30562,Suburban,36:52.3,1,24,1615,53
1940,47,Male,29594,Urban,36:52.3,1,38,1687,50
1941,51,Male,88952,Suburban,36:52.3,3,118,8740,41
1942,46,Male,184772,Suburban,36:52.3,10,152,17590,4
1943,67,Male,21808,Urban,36:52.3,1,50,2876,52
1944,64,Male,35941,Suburban,36:52.3,2,54,2172,93
1945,70,Male,146715,Urban,36:52.3,5,180,28286,5
1946,50,Female,26527,Suburban,36:52.3,2,52,2515,74
1947,34,Male,64511,Rural,36:52.3,4,122,6574,32
1948,44,Female,103667,Urban,36:52.3,8,222,17215,3
1949,70,Female,50170,Urban,36:52.3,4,116,6256,27
1950,49,Male,36574,Suburban,36:52.3,1,46,1075,53
1951,48,Male,35414,Suburban,36:52.3,2,20,1763,78
1952,43,Female,32063,Urban,36:52.3,1,68,1185,68
1953,34,Male,177730,Urban,36:52.3,7,297,19920,16
1954,58,Male,81706,Urban,36:52.3,3,123,5956,22
1955,49,Female,177301,Suburban,36:52.3,7,258,20897,12
1956,36,Female,50791,Suburban,36:52.3,4,108,3370,37
1957,23,Male,187676,Suburban,36:52.3,12,228,22223,14
1958,40,Female,27970,Urban,36:52.3,2,58,1609,71
1959,68,Male,44400,Urban,36:52.3,1,80,1246,54
1960,22,Male,128739,Suburban,36:52.3,6,229,23487,9
1961,23,Male,147921,Rural,36:52.3,10,164,27757,7
1962,29,Male,25341,Suburban,36:52.3,2,22,2116,85
1963,63,Female,89863,Urban,36:52.3,3,82,9783,23
1964,63,Female,73705,Suburban,36:52.3,4,103,4924,21
1965,21,Female,46007,Rural,36:52.3,2,36,525,91
1966,66,Female,52728,Suburban,36:52.3,3,114,6815,30
1967,67,Female,27340,Rural,36:52.3,2,29,1857,92
1968,42,Male,74383,Rural,36:52.3,4,132,8709,26
1969,40,Male,149653,Urban,36:52.3,11,257,23473,16
1970,56,Male,160967,Suburban,36:52.3,11,159,18385,3
1971,69,Male,109076,Rural,36:52.3,5,215,21961,15
1972,38,Male,109684,Rural,36:52.3,9,164,27037,0
1973,44,Male,109172,Rural,36:52.3,8,228,23503,19
1974,49,Female,187202,Urban,36:52.3,10,249,16655,16
1975,46,Male,45815,Rural,36:52.3,2,61,2496,64
1976,33,Male,148027,Rural,36:52.3,11,224,21882,20
1977,24,Female,90873,Suburban,36:52.3,4,131,9757,43
1978,37,Male,155060,Urban,36:52.3,7,165,27795,20
1979,69,Male,24754,Urban,36:52.3,1,49,1081,94
1980,25,Male,33067,Suburban,36:52.3,2,44,1001,93
1981,68,Male,25486,Rural,36:52.3,1,23,1570,72
1982,70,Male,79922,Urban,36:52.3,4,112,9418,44
1983,55,Male,187551,Urban,36:52.3,8,229,14690,2
1984,52,Male,20695,Urban,36:52.3,2,38,2065,78
1985,23,Female,49856,Urban,36:52.3,2,30,735,63
1986,18,Male,42854,Suburban,36:52.3,2,78,573,76
1987,41,Male,57471,Rural,36:52.3,3,115,7924,21
1988,23,Male,194990,Urban,36:52.3,5,239,12264,18
1989,54,Male,92049,Rural,36:52.3,3,129,8997,20
1990,51,Female,97676,Rural,36:52.3,3,122,6334,22
1991,50,Female,180769,Rural,36:52.3,5,175,25488,5
1992,35,Female,73858,Suburban,36:52.3,4,117,9395,43
1993,31,Female,33344,Suburban,36:52.3,1,33,1288,51
1994,52,Male,27335,Rural,36:52.3,2,67,558,89
1995,27,Male,22533,Rural,36:52.3,2,47,2409,80
1996,46,Male,121824,Rural,36:52.3,11,168,25597,12
1997,64,Female,33240,Urban,36:52.3,2,74,1613,93
1998,57,Male,101263,Urban,36:52.3,7,298,10997,8
1999,66,Female,133609,Rural,36:52.3,10,206,16473,14