Company,Date,Open,High,Low,Close,Volume,Dividends,Stock Splits,Adj Close
Alpha Corp,01/04/24,199.05,200.21,191.44,199.85,189189,0,1,199.85
Alpha Corp,02/04/24,196.94,199.09,194.29,194.76,876449,0,0,194.76
Alpha Corp,03/04/24,193.36,200.31,192.08,193.96,591919,0,1,193.96
Alpha Corp,04/04/24,192.53,195.1,188.55,189.43,367701,0,1,189.43
Alpha Corp,05/04/24,193.9,201.64,183.93,194.21,748551,0,1,194.21
Alpha Corp,06/04/24,188.94,197.9,187.7,194.87,80956,0,1,194.87
Alpha Corp,07/04/24,192.45,194.03,186.93,193.95,291734,0,1,193.95
Alpha Corp,08/04/24,191.13,195.07,181.41,195.02,831844,0,1,195.02
Alpha Corp,09/04/24,187.83,193.2,181.69,186.2,414465,0,1,186.2
Alpha Corp,10/04/24,190.17,194.87,186.17,192.27,247403,0,1,192.27
Alpha Corp,11/04/24,188.96,189.59,180.89,188.96,492931,0,1,188.96
Alpha Corp,12/04/24,184.7,192.23,177.49,183.54,12039,0,1,183.54
Alpha Corp,13/04/24,193.93,201.08,193.66,200.54,610082,0,1,200.54
Alpha Corp,14/04/24,189.47,193.47,184.63,187.25,432871,0,1,187.25
Alpha Corp,15/04/24,193.17,198.35,184.1,185.02,122069,0,1,185.02
Alpha Corp,16/04/24,190.25,199.24,181.6,193.62,386397,0,1,193.62
Alpha Corp,17/04/24,185.43,186.92,178.84,184.54,254389,0.49,1,179.59
Alpha Corp,18/04/24,193.99,201.72,191.03,191.08,257059,0,0,191.08
Alpha Corp,19/04/24,187.19,188.51,186.56,187.78,943558,0,1,187.78
Alpha Corp,20/04/24,193.46,194.29,183.53,186.97,648647,0,1,186.97
Alpha Corp,21/04/24,187.51,192.4,187.14,189.92,295845,0,1,189.92
Alpha Corp,22/04/24,192.55,198.33,185.22,185.9,678154,0,1,185.9
Alpha Corp,23/04/24,186.24,192.53,178.05,183.07,838788,0,1,183.07
Alpha Corp,24/04/24,193.02,197.11,188.05,192.84,385638,0,1,192.84
Alpha Corp,25/04/24,188.45,189.84,185.2,185.57,618242,0,1,185.57
Alpha Corp,26/04/24,190.84,199.59,187.47,190.23,310897,0,1,190.23
Alpha Corp,27/04/24,185.81,192.32,184.22,189.18,106335,0,1,189.18
Alpha Corp,28/04/24,192.98,196.75,189.39,194.45,968920,0,0,194.45
Alpha Corp,29/04/24,192.59,194.56,186.04,191.34,509310,0,1,191.34
Alpha Corp,30/04/24,192.54,195.99,184.38,184.6,645151,0,1,184.6
Alpha Corp,01/05/24,191.41,195.62,185.23,185.53,452059,0,1,185.53
Alpha Corp,02/05/24,183.91,185.56,176.05,179.52,120402,0,1,179.52
Alpha Corp,03/05/24,192.43,200.39,186.67,188.15,614822,0,1,188.15
Alpha Corp,04/05/24,183.27,190.87,173.68,185.51,407843,0,1,185.51
Alpha Corp,05/05/24,185.98,194.65,182.38,188.49,620281,0,1,188.49
Alpha Corp,06/05/24,189.23,195.31,182.41,184.07,813266,0,1,184.07
Alpha Corp,07/05/24,185.61,194.78,175.95,183.5,691312,0,1,183.5
Alpha Corp,08/05/24,186.41,191.29,179.26,187.61,366901,0,1,187.61
Alpha Corp,09/05/24,180.23,187.37,173.91,185.03,530640,0,1,185.03
Alpha Corp,10/05/24,186.6,192.92,178.82,187.06,466876,0,1,187.06
Alpha Corp,11/05/24,180.5,186.06,177.06,181.03,7401,0,1,181.03
Alpha Corp,12/05/24,180.55,182.14,179.43,180.48,833111,0,1,180.48
Alpha Corp,13/05/24,182.67,184.03,178.74,182.79,777080,0,1,182.79
Alpha Corp,14/05/24,179.54,181.26,179.52,179.75,772349,0,1,179.75
Alpha Corp,15/05/24,189.04,190.6,180.15,183.98,379096,0,1,183.98
Alpha Corp,16/05/24,179.39,183.95,179.11,181.73,1935,0,1,181.73
Alpha Corp,17/05/24,180.24,181.72,174.22,177.78,559564,0,1,177.78
Alpha Corp,18/05/24,179.46,189.29,177.83,186.68,664289,0,1,186.68
Alpha Corp,19/05/24,180.12,190.12,178.08,185.09,48035,0,1,185.09
Alpha Corp,20/05/24,178.06,181.65,169.79,174.78,217318,0,1,174.78
Alpha Corp,21/05/24,181.09,181.4,175.91,177.93,498309,0,1,177.93
Alpha Corp,22/05/24,179.02,180.16,178.98,179.03,151554,0,1,179.03
Alpha Corp,23/05/24,180.06,184.68,174.41,175.58,483027,0.02,1,175.39
Alpha Corp,24/05/24,181.05,190.8,171.92,174.23,522557,0,1,174.23
Alpha Corp,25/05/24,175.75,177.37,172.34,176.26,81102,0,1,176.26
Alpha Corp,26/05/24,180.76,181.17,179.68,180.35,915268,0,1,180.35
Alpha Corp,27/05/24,180.75,189.59,177.17,182.63,857419,0,1,182.63
Alpha Corp,28/05/24,180.09,182.61,171.56,178.2,346953,0,1,178.2
Alpha Corp,29/05/24,181.13,188.12,177.01,180.43,793724,0,1,180.43
Alpha Corp,30/05/24,184.67,191.33,176.03,181.73,827040,0,1,181.73
Alpha Corp,31/05/24,181.44,186.61,175.77,178.13,934955,0,1,178.13
Alpha Corp,01/06/24,183,187.72,176.8,177.59,400863,0.29,1,174.72
Alpha Corp,02/06/24,182.51,190.22,174.52,187.46,583809,0,1,187.46
Alpha Corp,03/06/24,180.14,185.27,177.16,178.65,546286,0,1,178.65
Alpha Corp,04/06/24,172.55,176.65,168.09,176.61,926203,0,1,176.61
Alpha Corp,05/06/24,173.68,174.03,168.74,169.45,977705,0,1,169.45
Alpha Corp,06/06/24,178.92,182.48,174.85,177.56,466467,0.13,1,176.29
Alpha Corp,07/06/24,176.55,180.04,167.34,171.89,133704,0,1,171.89
Alpha Corp,08/06/24,178.21,180.62,171.98,176.81,431031,0.21,1,174.67
Alpha Corp,09/06/24,171.4,175.6,166.56,168.77,86362,0,1,168.77
Alpha Corp,10/06/24,175.8,185.59,168.2,176.67,952288,0,1,176.67
Alpha Corp,11/06/24,180.28,189.29,178.24,186.41,839079,0,1,186.41
Alpha Corp,12/06/24,182.39,186.68,175.45,183.1,20354,0,1,183.1
Alpha Corp,13/06/24,176.93,183.74,168.06,177.22,77128,0,1,177.22
Alpha Corp,14/06/24,174.55,178.93,172.49,173.01,759953,0,1,173.01
Alpha Corp,15/06/24,176.77,186.55,168.47,180.34,409770,0,1,180.34
Alpha Corp,16/06/24,172.81,181.85,165,175.97,733439,0,1,175.97
Alpha Corp,17/06/24,182.06,184.57,176.13,176.17,763067,0,1,176.17
Alpha Corp,18/06/24,173.42,176.76,163.8,167.17,383329,0,1,167.17
Alpha Corp,19/06/24,179.7,187.79,176.32,181.72,745676,0,1,181.72
Alpha Corp,20/06/24,180.75,181.69,178.48,180.31,828133,0,1,180.31
Alpha Corp,21/06/24,176.06,176.73,173.93,174.13,469981,0,1,174.13
Alpha Corp,22/06/24,174.06,177.99,171.07,174.4,81555,0,1,174.4
Alpha Corp,23/06/24,179.52,189.29,176.33,186.45,299320,0,1,186.45
Alpha Corp,24/06/24,175.23,175.95,167.91,168.97,782409,0,1,168.97
Alpha Corp,25/06/24,174.89,182.72,166.52,173.33,988617,0,1,173.33
Alpha Corp,26/06/24,178.66,182.73,174.15,180.78,379458,0,0,180.78
Alpha Corp,27/06/24,176.68,182.15,167.73,180.3,314320,0,1,180.3
Alpha Corp,28/06/24,170.54,177.78,161.23,163.06,972613,0,1,163.06
Alpha Corp,29/06/24,171.86,176.05,165.05,167.39,669889,0,1,167.39
Alpha Corp,30/06/24,175.19,178.96,169.37,176.11,777923,0,1,176.11
Alpha Corp,01/07/24,176.53,179.7,170.17,174.88,843906,0,1,174.88
Alpha Corp,02/07/24,180.47,190.33,175.02,188.19,410492,0,1,188.19
Alpha Corp,03/07/24,176,182.09,173.6,177.09,346538,0,1,177.09
Alpha Corp,04/07/24,179.39,183.02,177.86,181.21,167451,0,1,181.21
Alpha Corp,05/07/24,177.33,186.2,167.94,184.48,476410,0,1,184.48
Alpha Corp,06/07/24,178.25,180.34,170.01,172.58,190556,0,1,172.58
Alpha Corp,07/07/24,183.13,185.08,177.8,180.91,651540,0,1,180.91
Alpha Corp,08/07/24,172.11,172.16,163.41,171.61,301214,0,1,171.61
Alpha Corp,09/07/24,177.02,180.54,170.74,178.01,769122,0,1,178.01
Alpha Corp,10/07/24,175.89,179.53,166.98,177.66,218127,0,1,177.66
Alpha Corp,11/07/24,179.93,184.65,172.9,177.84,613634,0.29,1,174.93
Alpha Corp,12/07/24,170.15,170.33,162.15,163.61,724175,0,1,163.61
Alpha Corp,13/07/24,172.02,173.66,164.69,170.59,164913,0,1,170.59
Alpha Corp,14/07/24,171.14,175.74,163.16,173.38,40048,0,1,173.38
Alpha Corp,15/07/24,170.96,178.12,162.42,172.93,1201,0,1,172.93
Alpha Corp,16/07/24,173.02,180.07,168.85,171.77,516899,0,1,171.77
Alpha Corp,17/07/24,171.77,175.1,171.67,174.22,235970,0,1,174.22
Alpha Corp,18/07/24,167.66,173.46,165.43,170.58,926011,0.26,1,167.95
Alpha Corp,19/07/24,167.93,174.83,163.81,163.97,805673,0,1,163.97
Alpha Corp,20/07/24,170.3,175.61,162.17,170.54,370781,0,1,170.54
Alpha Corp,21/07/24,169.8,171.66,166.05,171.28,500314,0,1,171.28
Alpha Corp,22/07/24,162.91,166.43,157.5,159.07,391347,0,1,159.07
Alpha Corp,23/07/24,158.98,165.57,151.52,157.52,357827,0,1,157.52
Alpha Corp,24/07/24,162.37,171.27,158.34,166.57,410062,0,1,166.57
Alpha Corp,25/07/24,161.41,169.76,159.62,168.14,282454,0,1,168.14
Alpha Corp,26/07/24,161.71,168.28,159.93,160.16,290251,0,1,160.16
Alpha Corp,27/07/24,159.63,161.08,153.33,159.36,28398,0,1,159.36
Alpha Corp,28/07/24,162.95,171.96,159.14,163.54,270276,0,1,163.54
Alpha Corp,29/07/24,164.97,173.3,157.23,173.21,438216,0,1,173.21
Alpha Corp,30/07/24,162.96,164.46,158.07,163.05,8012,0,1,163.05
Alpha Corp,31/07/24,165.3,166.38,157.66,165.73,630023,0,1,165.73
Alpha Corp,01/08/24,161.2,168.49,159.42,168.11,374449,0,1,168.11
Alpha Corp,02/08/24,166.94,169.9,163.62,165.56,897751,0,1,165.56
Alpha Corp,03/08/24,167.64,168.26,164.01,167.2,757467,0,1,167.2
Alpha Corp,04/08/24,160.06,160.77,152.56,160.03,948915,0,1,160.03
Alpha Corp,05/08/24,165.26,169.29,155.71,157.41,576548,0,1,157.41
Alpha Corp,06/08/24,163.86,166.74,163.44,163.61,168638,0,1,163.61
Alpha Corp,07/08/24,161.98,170.61,155.02,168.76,108703,0,1,168.76
Alpha Corp,08/08/24,165.25,167.13,156.47,158.14,296787,0,1,158.14
Alpha Corp,09/08/24,158.45,160.68,155.65,157.36,884688,0,1,157.36
Alpha Corp,10/08/24,166.95,175.64,157.46,167.76,592183,0,1,167.76
Alpha Corp,11/08/24,168.26,175.99,164.36,169.2,909444,0,1,169.2
Alpha Corp,12/08/24,167.3,176.77,165.07,173.44,362847,0,1,173.44
Alpha Corp,13/08/24,168.94,174.53,167.79,169.92,85608,0,1,169.92
Alpha Corp,14/08/24,167.16,173.43,166.19,169.97,708929,0,1,169.97
Alpha Corp,15/08/24,169.68,176.88,169.49,171.26,691221,0,1,171.26
Alpha Corp,16/08/24,170.12,174.34,160.65,171.95,402487,0,1,171.95
Alpha Corp,17/08/24,163.54,172.6,161.32,163.77,66810,0,1,163.77
Alpha Corp,18/08/24,164.97,170.05,158.97,169.71,310868,0,1,169.71
Alpha Corp,19/08/24,163.03,169.17,153.8,164.33,46404,0,1,164.33
Alpha Corp,20/08/24,163.35,166.72,154.67,164.69,708907,0,1,164.69
Alpha Corp,21/08/24,163.84,172.06,163.83,164.48,66214,0,1,164.48
Alpha Corp,22/08/24,161.25,163.09,157.38,163.05,857487,0,1,163.05
Alpha Corp,23/08/24,168.23,170.65,163.51,164.59,711502,0,1,164.59
Alpha Corp,24/08/24,168.08,177.89,159.52,172.53,124000,0,1,172.53
Alpha Corp,25/08/24,164.05,168.56,159,167.79,421722,0,1,167.79
Alpha Corp,26/08/24,166.29,169.89,165.4,166.44,656707,0.08,1,165.69
Alpha Corp,27/08/24,160.41,169.4,153.8,158.83,767212,0,1,158.83
Alpha Corp,28/08/24,156.96,165.86,148.18,161.62,41366,0,1,161.62
Alpha Corp,29/08/24,156.34,166.1,150.55,156.36,306135,0,1,156.36
Alpha Corp,30/08/24,160.64,167.39,159.73,165.92,169532,0,1,165.92
Alpha Corp,31/08/24,164.34,172.58,154.73,156.58,629972,0,1,156.58
Alpha Corp,01/09/24,161.65,165.94,153.08,159.11,538776,0,1,159.11
Alpha Corp,02/09/24,160.69,169.2,159.67,162.05,111806,0,1,162.05
Alpha Corp,03/09/24,157.54,158.93,157.29,157.81,56391,0,1,157.81
Alpha Corp,04/09/24,161.45,163.62,159.51,161.6,270620,0.33,1,158.34
Alpha Corp,05/09/24,161.24,168.34,160.17,161.89,368172,0,1,161.89
Alpha Corp,06/09/24,155.57,161.85,150.67,158.24,724977,0,1,158.24
Alpha Corp,07/09/24,160.05,162.79,154.33,154.62,502287,0,1,154.62
Alpha Corp,08/09/24,161.49,164.26,160.34,160.38,841880,0,1,160.38
Alpha Corp,09/09/24,158.68,166.37,155.18,161.38,691930,0.17,1,159.73
Alpha Corp,10/09/24,160.14,160.21,158.57,159.49,703635,0,1,159.49
Alpha Corp,11/09/24,167.48,176.68,161.28,165.11,304804,0,1,165.11
Alpha Corp,12/09/24,167.58,174.74,166.22,173.12,658604,0,1,173.12
Alpha Corp,13/09/24,159.19,164.39,155.98,159.21,442593,0,1,159.21
Alpha Corp,14/09/24,158.72,161.65,153.86,159.76,364188,0.07,1,159.09
Alpha Corp,15/09/24,163.69,163.8,160.96,161.82,407204,0,1,161.82
Alpha Corp,16/09/24,155.38,156.77,146.38,146.57,569431,0,1,146.57
Alpha Corp,17/09/24,155.33,161.15,147.64,154.39,727279,0,1,154.39
Alpha Corp,18/09/24,163.14,171.12,162.6,167.86,588473,0.04,0,167.42
Alpha Corp,19/09/24,158.8,161.45,150.56,152.59,325866,0,1,152.59
Alpha Corp,20/09/24,160.36,164.53,157.62,157.8,809459,0,1,157.8
Alpha Corp,21/09/24,162.1,163.21,161.74,162.06,216753,0,1,162.06
Alpha Corp,22/09/24,166.02,167.12,160.79,164.97,713724,0,1,164.97
Alpha Corp,23/09/24,162.39,162.66,159.72,162.62,786617,0,1,162.62
Alpha Corp,24/09/24,157.15,166.81,151.98,155.58,477766,0.16,1,153.96
Alpha Corp,25/09/24,162.83,172.58,162.83,171.6,500210,0,1,171.6
Alpha Corp,26/09/24,154.87,163.51,146.37,154.11,57811,0,1,154.11
Alpha Corp,27/09/24,160.12,160.72,150.99,156.74,104791,0,1,156.74
Alpha Corp,28/09/24,157.31,160.94,155.24,160.05,366165,0,1,160.05
Alpha Corp,29/09/24,155.43,157.79,150.75,156.74,702187,0,1,156.74
Alpha Corp,30/09/24,164.21,165.25,158.24,160.44,687954,0,1,160.44
Beta Inc,01/04/24,108.98,109.95,107.86,108.55,412380,0,1,108.55
Beta Inc,02/04/24,112.13,114.16,110.58,111.94,318655,0,1,111.94
Beta Inc,03/04/24,105.9,114.87,100.87,110.89,212008,0,1,110.89
Beta Inc,04/04/24,107.23,112.06,102.01,105.54,200958,0,1,105.54
Beta Inc,05/04/24,113.81,118.21,104.32,107.7,650329,0,1,107.7
Beta Inc,06/04/24,111.99,115.86,103.74,107.59,753603,0,1,107.59
Beta Inc,07/04/24,107.75,111.95,101.77,106.47,740690,0,0,106.47
Beta Inc,08/04/24,105.27,108.89,99.71,99.96,840179,0,1,99.96
Beta Inc,09/04/24,103.18,112.02,101.11,107.31,846743,0,1,107.31
Beta Inc,10/04/24,106.91,112.31,105.07,110.11,95927,0,1,110.11
Beta Inc,11/04/24,110.83,112.72,108.32,109.55,620799,0,1,109.55
Beta Inc,12/04/24,104.15,111.24,94.6,106.22,43373,0,0,106.22
Beta Inc,13/04/24,104.39,112.73,100.39,111.4,952136,0,1,111.4
Beta Inc,14/04/24,112.24,114.58,109.3,110.54,32547,0,1,110.54
Beta Inc,15/04/24,104.99,107.76,97.88,101.17,938278,0,1,101.17
Beta Inc,16/04/24,109.76,115.85,107.63,113.28,876895,0,1,113.28
Beta Inc,17/04/24,104.45,110.68,101.19,106.38,949883,0,1,106.38
Beta Inc,18/04/24,102.78,107.21,100.49,101.74,486773,0,1,101.74
Beta Inc,19/04/24,107.06,107.39,103.66,105.82,965272,0,1,105.82
Beta Inc,20/04/24,104.85,105.79,98.16,98.91,597213,0,1,98.91
Beta Inc,21/04/24,108.48,115.69,103.09,105.91,492806,0,1,105.91
Beta Inc,22/04/24,113.96,115.51,104.74,109.17,505996,0,1,109.17
Beta Inc,23/04/24,106.72,114.96,101.19,114.44,785297,0,1,114.44
Beta Inc,24/04/24,110.26,110.75,106.58,110.55,823394,0,1,110.55
Beta Inc,25/04/24,110.85,119.25,104.56,107.28,708223,0,1,107.28
Beta Inc,26/04/24,116.73,118.27,114.21,117.87,170385,0,1,117.87
Beta Inc,27/04/24,110.72,115.65,103.08,104.18,888144,0,1,104.18
Beta Inc,28/04/24,103.78,112.67,94.85,96.27,514847,0,1,96.27
Beta Inc,29/04/24,112.23,118.78,107.02,107.89,654181,0,1,107.89
Beta Inc,30/04/24,110.87,112.09,110.58,110.66,640126,0,1,110.66
Beta Inc,01/05/24,105.75,108.44,99.18,102,626584,0,1,102
Beta Inc,02/05/24,104.15,112.72,100,110.4,84329,0,1,110.4
Beta Inc,03/05/24,102.77,112.38,98.45,100.76,966380,0,1,100.76
Beta Inc,04/05/24,101.66,107.47,95.4,102.93,999119,0,1,102.93
Beta Inc,05/05/24,109.47,111.73,100.81,102.64,641690,0,1,102.64
Beta Inc,06/05/24,109.64,111.52,99.93,109.04,210619,0,1,109.04
Beta Inc,07/05/24,102.29,108.32,98.43,108.04,797806,0,1,108.04
Beta Inc,08/05/24,101.88,108.65,100.7,101.6,833230,0,1,101.6
Beta Inc,09/05/24,108.06,115.91,105.54,106.69,461465,0,1,106.69
Beta Inc,10/05/24,108.6,115.77,107.72,112.64,229993,0,1,112.64
Beta Inc,11/05/24,103.38,108.56,93.99,102.1,183650,0,1,102.1
Beta Inc,12/05/24,103.79,105.92,103.44,103.83,110926,0,1,103.83
Beta Inc,13/05/24,109.74,110.46,108.47,109.12,127246,0,1,109.12
Beta Inc,14/05/24,102.88,106.22,98.87,101.13,473983,0,1,101.13
Beta Inc,15/05/24,99.67,106.92,90.94,97.15,768086,0,1,97.15
Beta Inc,16/05/24,108,115.05,100.63,108.19,151385,0,1,108.19
Beta Inc,17/05/24,99.24,100.02,97.41,99.29,776589,0,1,99.29
Beta Inc,18/05/24,101.51,110.36,99.34,104.22,262941,0,1,104.22
Beta Inc,19/05/24,103.41,110.99,101.46,102.33,653831,0,1,102.33
Beta Inc,20/05/24,102.34,102.92,94.21,95.12,187322,0,1,95.12
Beta Inc,21/05/24,108.17,117.84,105.55,113.14,487825,0,1,113.14
Beta Inc,22/05/24,105.84,110.8,99.73,104.72,249021,0,1,104.72
Beta Inc,23/05/24,103.43,107.25,97.63,100.8,121883,0,1,100.8
Beta Inc,24/05/24,106.41,110.64,99.62,109.78,469721,0,1,109.78
Beta Inc,25/05/24,99.9,106.82,93.8,103.08,620748,0,1,103.08
Beta Inc,26/05/24,96.96,105.95,95.54,101.64,308783,0,1,101.64
Beta Inc,27/05/24,106.41,108.24,97.28,100.91,698781,0,1,100.91
Beta Inc,28/05/24,97.35,99.26,95.83,98.18,361210,0,1,98.18
Beta Inc,29/05/24,105.06,107.23,101.23,107.1,743988,0,1,107.1
Beta Inc,30/05/24,98.32,105.14,95.69,102.41,997332,0,1,102.41
Beta Inc,31/05/24,96.97,100.05,90.21,95,159512,0,1,95
Beta Inc,01/06/24,100.87,107.37,97.47,107.32,181028,0,1,107.32
Beta Inc,02/06/24,102.74,110.54,97.74,104.68,992343,0,1,104.68
Beta Inc,03/06/24,94.56,95,93.7,94.58,878314,0,1,94.58
Beta Inc,04/06/24,104.03,112.55,101.74,107.43,552242,0,1,107.43
Beta Inc,05/06/24,103.71,107.9,101.44,105.37,922870,0,1,105.37
Beta Inc,06/06/24,106.37,113.37,96.7,99.63,706908,0,1,99.63
Beta Inc,07/06/24,104.54,110.02,98.65,105.82,814994,0,1,105.82
Beta Inc,08/06/24,101.46,107.13,100.5,101.81,548719,0.15,1,100.28
Beta Inc,09/06/24,97.45,104.73,97.27,104.56,558074,0.03,1,104.25
Beta Inc,10/06/24,104.02,104.38,101.9,103.33,446891,0,1,103.33
Beta Inc,11/06/24,104.19,106.02,95.64,104.47,734206,0,1,104.47
Beta Inc,12/06/24,99.75,109.66,91.66,101.94,857980,0,1,101.94
Beta Inc,13/06/24,106.37,115,104.46,108.63,289307,0,1,108.63
Beta Inc,14/06/24,99.5,104.34,96.19,99.56,432626,0,1,99.56
Beta Inc,15/06/24,101.62,110.73,97.85,110.35,874887,0,1,110.35
Beta Inc,16/06/24,100.61,102.12,95.65,98.12,179009,0,1,98.12
Beta Inc,17/06/24,107.65,113.62,97.94,105.51,280286,0.18,1,103.69
Beta Inc,18/06/24,109.97,110.24,103.43,106.81,222304,0,1,106.81
Beta Inc,19/06/24,105.21,107.02,97.77,102.58,821063,0,1,102.58
Beta Inc,20/06/24,100.87,103.86,98.19,98.43,170947,0,1,98.43
Beta Inc,21/06/24,102.88,104.56,102.11,103.71,313344,0,1,103.71
Beta Inc,22/06/24,102.94,110.18,102.19,104.56,730125,0,1,104.56
Beta Inc,23/06/24,102.28,106.81,100.29,102.41,96682,0,1,102.41
Beta Inc,24/06/24,100.2,104.65,99.79,100.89,233424,0,1,100.89
Beta Inc,25/06/24,105.13,112.34,98.02,108.86,261989,0,1,108.86
Beta Inc,26/06/24,103.37,112.22,99.33,112.18,430730,0.48,1,107.37
Beta Inc,27/06/24,96.18,98.44,94.26,95.23,913856,0,1,95.23
Beta Inc,28/06/24,96.36,104.51,94.53,102.15,920200,0,1,102.15
Beta Inc,29/06/24,100.65,106.23,98.55,103.25,623160,0,1,103.25
Beta Inc,30/06/24,102.62,109.67,102.2,109.18,541242,0,1,109.18
Beta Inc,01/07/24,107.99,113.26,105.46,109.59,96055,0,1,109.59
Beta Inc,02/07/24,108.18,108.94,98.31,107.66,277951,0.42,1,103.42
Beta Inc,03/07/24,107.29,110.45,101.89,108.66,471568,0,1,108.66
Beta Inc,04/07/24,103.47,107.67,98.44,100.79,882360,0,1,100.79
Beta Inc,05/07/24,98.92,100.73,93.83,97.02,629541,0,1,97.02
Beta Inc,06/07/24,105.92,111.18,97.99,106.68,458808,0,1,106.68
Beta Inc,07/07/24,104.27,106.59,94.59,103.9,288104,0,1,103.9
Beta Inc,08/07/24,97.08,105.99,89.94,105.99,307473,0,1,105.99
Beta Inc,09/07/24,99.14,100.25,95.15,96.77,348013,0,1,96.77
Beta Inc,10/07/24,101.37,102.94,99.2,100.35,747488,0,1,100.35
Beta Inc,11/07/24,99.35,100.3,90.13,94.27,46138,0,1,94.27
Beta Inc,12/07/24,94.75,103.88,87.99,96.36,772408,0,1,96.36
Beta Inc,13/07/24,94.92,98.95,90.66,97.44,294960,0,1,97.44
Beta Inc,14/07/24,94.93,100.45,87.46,97.9,646239,0,1,97.9
Beta Inc,15/07/24,93.43,96.72,92.66,94.63,116532,0,1,94.63
Beta Inc,16/07/24,97.56,102.5,91.79,92.84,674352,0,1,92.84
Beta Inc,17/07/24,95.03,98.24,86.73,94.61,140258,0,1,94.61
Beta Inc,18/07/24,91.55,95.16,91.4,92.31,180156,0,1,92.31
Beta Inc,19/07/24,100.74,103.34,92.72,99.25,39162,0,1,99.25
Beta Inc,20/07/24,93.04,95.92,90,92.79,529734,0,1,92.79
Beta Inc,21/07/24,93.29,98.58,85.15,88.99,762697,0.5,1,84
Beta Inc,22/07/24,98.93,101.66,89.44,92.59,28025,0,1,92.59
Beta Inc,23/07/24,94.59,102.37,88.62,94.3,573490,0,1,94.3
Beta Inc,24/07/24,98.71,107.37,95.52,102.75,359243,0,1,102.75
Beta Inc,25/07/24,101.75,103.19,96.89,101.65,120228,0,1,101.65
Beta Inc,26/07/24,98.27,99.67,94.48,95.12,841172,0,1,95.12
Beta Inc,27/07/24,104.29,106.88,101.36,106.05,263619,0.07,1,105.34
Beta Inc,28/07/24,101.98,105.49,100.03,102.4,908191,0,1,102.4
Beta Inc,29/07/24,104.7,112.93,100.92,106.16,701719,0,1,106.16
Beta Inc,30/07/24,105.52,114.87,97.86,102.89,105204,0,1,102.89
Beta Inc,31/07/24,105.31,111.7,102.91,109.76,304368,0,1,109.76
Beta Inc,01/08/24,106.98,108.09,102.48,104.95,800338,0,1,104.95
Beta Inc,02/08/24,104.56,113.62,96.43,111.18,385933,0,1,111.18
Beta Inc,03/08/24,102.86,109.93,102.28,106.78,173716,0,1,106.78
Beta Inc,04/08/24,97.39,99.88,94.43,96.13,735601,0,1,96.13
Beta Inc,05/08/24,106.98,113.47,104.66,108.04,104285,0,1,108.04
Beta Inc,06/08/24,100.22,109.65,95.8,108.96,887791,0,1,108.96
Beta Inc,07/08/24,101.17,101.72,93.26,95.05,106017,0,1,95.05
Beta Inc,08/08/24,99.43,107.9,95.13,96.99,468422,0,1,96.99
Beta Inc,09/08/24,100.68,104.74,94.69,97.25,919604,0.34,1,93.87
Beta Inc,10/08/24,97.74,106.3,89.95,92.53,464718,0.1,1,91.55
Beta Inc,11/08/24,97.95,98.24,88.12,88.88,508697,0,1,88.88
Beta Inc,12/08/24,102.43,107.34,95.29,104.65,466734,0,1,104.65
Beta Inc,13/08/24,103.26,107.86,93.65,99.65,676655,0,1,99.65
Beta Inc,14/08/24,96.08,99.84,92.04,94.88,54587,0,1,94.88
Beta Inc,15/08/24,96.68,100.36,95.34,96.81,91110,0,1,96.81
Beta Inc,16/08/24,93.08,93.77,84.18,92.61,325905,0,1,92.61
Beta Inc,17/08/24,97.66,98.72,94.97,96.53,38876,0,1,96.53
Beta Inc,18/08/24,96.38,105.36,89.79,102.05,577662,0,1,102.05
Beta Inc,19/08/24,103.62,105.14,102.84,104.52,944919,0,1,104.52
Beta Inc,20/08/24,102.72,104.69,101.47,102.06,748883,0,1,102.06
Beta Inc,21/08/24,99.46,106.81,89.79,95.98,779099,0,1,95.98
Beta Inc,22/08/24,103.52,109.47,99.02,102.2,920449,0,1,102.2
Beta Inc,23/08/24,100.28,109.61,98.19,102.26,948927,0,1,102.26
Beta Inc,24/08/24,95,100.17,91.03,97.98,467017,0,1,97.98
Beta Inc,25/08/24,94.09,102.54,92.42,98.1,309715,0,1,98.1
Beta Inc,26/08/24,102.29,104.52,94.39,102.45,524373,0,1,102.45
Beta Inc,27/08/24,104.68,105.29,103.6,103.91,497957,0,1,103.91
Beta Inc,28/08/24,101.63,104.03,93.69,94.71,538230,0,1,94.71
Beta Inc,29/08/24,100.56,104.1,91.68,92.06,359516,0,1,92.06
Beta Inc,30/08/24,95.97,98.63,88.7,97.94,379949,0,1,97.94
Beta Inc,31/08/24,102.45,106.27,95.49,98.9,256274,0,1,98.9
Beta Inc,01/09/24,96.85,102.28,89.32,95.44,530447,0,1,95.44
Beta Inc,02/09/24,100.15,104.96,100.13,100.67,474385,0,1,100.67
Beta Inc,03/09/24,96.72,104.65,94.03,96.28,344168,0.08,1,95.53
Beta Inc,04/09/24,102.79,102.94,94.77,102.26,787229,0,1,102.26
Beta Inc,05/09/24,93.36,102.51,92.9,100.03,426211,0,1,100.03
Beta Inc,06/09/24,94.48,101.74,93.28,98.05,77862,0,1,98.05
Beta Inc,07/09/24,93.46,96.42,90.36,92.67,670194,0,1,92.67
Beta Inc,08/09/24,91.95,93.19,84.1,87.69,873241,0,1,87.69
Beta Inc,09/09/24,99.04,100.7,98.12,98.62,80460,0,1,98.62
Beta Inc,10/09/24,93.75,96.63,84.14,96.21,139331,0,1,96.21
Beta Inc,11/09/24,99.49,107.47,90.72,95.88,967580,0,1,95.88
Beta Inc,12/09/24,92.9,94.96,85.24,85.58,533493,0,1,85.58
Beta Inc,13/09/24,91.68,96.03,88.2,91.52,802146,0,1,91.52
Beta Inc,14/09/24,89.69,96.38,86.9,92.25,760106,0,1,92.25
Beta Inc,15/09/24,97.92,107.28,92.81,95.04,540831,0,1,95.04
Beta Inc,16/09/24,92.08,99.83,82.49,99.56,532357,0,1,99.56
Beta Inc,17/09/24,91.65,98.16,84.19,87.45,493721,0,1,87.45
Beta Inc,18/09/24,98.06,103.29,92.1,102.58,177893,0,1,102.58
Beta Inc,19/09/24,95.8,102.27,93.68,100.6,744828,0,1,100.6
Beta Inc,20/09/24,89.86,90.93,81.04,89.6,751594,0,1,89.6
Beta Inc,21/09/24,92.85,99.55,91.81,95.7,396405,0,1,95.7
Beta Inc,22/09/24,95.57,99,90.47,91.07,230130,0,1,91.07
Beta Inc,23/09/24,91.99,99.21,90.72,92.4,65728,0,1,92.4
Beta Inc,24/09/24,88.09,97.52,80.07,95.65,224621,0,1,95.65
Beta Inc,25/09/24,92.9,94.08,84.46,85.97,199653,0,1,85.97
Beta Inc,26/09/24,87.02,88.44,86.85,86.95,944709,0,1,86.95
Beta Inc,27/09/24,88.24,96.26,86,86.17,381816,0,1,86.17
Beta Inc,28/09/24,90.86,91.66,90.73,91.58,270115,0,0,91.58
Beta Inc,29/09/24,83.79,93.04,76.98,84.72,894287,0,1,84.72
Beta Inc,30/09/24,85.04,90.99,76.02,84.49,844384,0,1,84.49
Gamma Ltd,01/04/24,148.49,152.81,144.99,151.9,464420,0,1,151.9
Gamma Ltd,02/04/24,157.23,166.7,152.91,153.48,767363,0,1,153.48
Gamma Ltd,03/04/24,156.62,164.84,154.93,155.53,58699,0,1,155.53
Gamma Ltd,04/04/24,153.34,153.43,150.5,150.81,207534,0,1,150.81
Gamma Ltd,05/04/24,155.21,159.99,154.06,156.55,287099,0,1,156.55
Gamma Ltd,06/04/24,151.03,159.5,147.6,151.61,836083,0,1,151.61
Gamma Ltd,07/04/24,154.71,155.89,151.5,153.69,243260,0,1,153.69
Gamma Ltd,08/04/24,155.15,160.19,145.27,146.34,909014,0,1,146.34
Gamma Ltd,09/04/24,149.03,157.94,142.4,147.99,743389,0,1,147.99
Gamma Ltd,10/04/24,157.35,157.83,154.49,157.07,400828,0,1,157.07
Gamma Ltd,11/04/24,146.91,154.52,143.79,148.98,789329,0,1,148.98
Gamma Ltd,12/04/24,155.21,155.57,147.66,148.05,356209,0,1,148.05
Gamma Ltd,13/04/24,158.58,165.25,153.98,154.28,855536,0,1,154.28
Gamma Ltd,14/04/24,158.09,159.05,148.51,153.44,589708,0,1,153.44
Gamma Ltd,15/04/24,156.22,158.15,149.42,156.87,997202,0.09,1,155.94
Gamma Ltd,16/04/24,157.14,158.16,155.86,157.94,159359,0,1,157.94
Gamma Ltd,17/04/24,156.66,161.1,148,156.6,922345,0,1,156.6
Gamma Ltd,18/04/24,158.27,160.64,148.63,160.33,955213,0.3,1,157.34
Gamma Ltd,19/04/24,153.17,161.43,151.18,154.52,680935,0,1,154.52
Gamma Ltd,20/04/24,156.47,156.69,151.3,152.27,856193,0,1,152.27
Gamma Ltd,21/04/24,157.28,163.9,151.23,163.84,878756,0,1,163.84
Gamma Ltd,22/04/24,152.55,158.5,145.51,149.71,799142,0,1,149.71
Gamma Ltd,23/04/24,161.78,161.82,154.45,159.71,642591,0,1,159.71
Gamma Ltd,24/04/24,162.04,170.33,158.46,169.83,972430,0,1,169.83
Gamma Ltd,25/04/24,152.51,157.58,142.72,143.75,518241,0,1,143.75
Gamma Ltd,26/04/24,155.09,159.98,150.36,159.53,371633,0,1,159.53
Gamma Ltd,27/04/24,154.32,162.98,145.75,162.28,679130,0,1,162.28
Gamma Ltd,28/04/24,161.61,171.48,157.94,166.62,833034,0,1,166.62
Gamma Ltd,29/04/24,162.72,165.71,153.33,157.37,470494,0,1,157.37
Gamma Ltd,30/04/24,160.25,164.72,159.28,162.17,265858,0,1,162.17
Gamma Ltd,01/05/24,155.18,163.57,153.13,158.23,33206,0,1,158.23
Gamma Ltd,02/05/24,156.16,157.65,152.22,152.98,713260,0,1,152.98
Gamma Ltd,03/05/24,160.4,160.68,155.69,156.26,799948,0,1,156.26
Gamma Ltd,04/05/24,165.21,170.02,165.14,165.75,872480,0,1,165.75
Gamma Ltd,05/05/24,160.55,160.95,153.05,154.27,522947,0,1,154.27
Gamma Ltd,06/05/24,157.81,167.55,153.07,159.72,176895,0,1,159.72
Gamma Ltd,07/05/24,156.92,163.76,150.51,154.42,743037,0,1,154.42
Gamma Ltd,08/05/24,164.07,168.2,159.85,165.6,410019,0,1,165.6
Gamma Ltd,09/05/24,164.04,171.26,160.05,160.19,532306,0,1,160.19
Gamma Ltd,10/05/24,162.4,166.28,157.46,164.3,611566,0,1,164.3
Gamma Ltd,11/05/24,162.48,167.92,153.9,166.95,403074,0,1,166.95
Gamma Ltd,12/05/24,158.94,163.62,158.37,161.76,147634,0,1,161.76
Gamma Ltd,13/05/24,159.28,168.09,157.15,167.77,656401,0,1,167.77
Gamma Ltd,14/05/24,162.95,167.76,156.64,162.36,65295,0,1,162.36
Gamma Ltd,15/05/24,166.01,166.42,160.37,163.61,803701,0,1,163.61
Gamma Ltd,16/05/24,160.44,161.03,154.07,155.03,519511,0,1,155.03
Gamma Ltd,17/05/24,162.79,165.78,161.47,162.72,668683,0,1,162.72
Gamma Ltd,18/05/24,161.06,166.58,152.81,160.62,348778,0,1,160.62
Gamma Ltd,19/05/24,162.21,171.59,152.35,162.3,235380,0,1,162.3
Gamma Ltd,20/05/24,160.2,160.39,157.78,157.79,78331,0,1,157.79
Gamma Ltd,21/05/24,165.44,173.01,157.55,169.88,497920,0.3,1,166.9
Gamma Ltd,22/05/24,166.22,168.06,161.01,166.51,470354,0,1,166.51
Gamma Ltd,23/05/24,157.77,161.42,156.03,157.78,547865,0,1,157.78
Gamma Ltd,24/05/24,161.46,164.26,153.21,158.34,932231,0,1,158.34
Gamma Ltd,25/05/24,156.38,165.75,152.41,160.54,271892,0,1,160.54
Gamma Ltd,26/05/24,158.34,164.7,153.03,161.04,839475,0,1,161.04
Gamma Ltd,27/05/24,155.21,164.84,153.59,164.14,598875,0,1,164.14
Gamma Ltd,28/05/24,161.58,166.65,156.77,162.89,119636,0,1,162.89
Gamma Ltd,29/05/24,155.46,162.74,148.1,160.07,951669,0,1,160.07
Gamma Ltd,30/05/24,155.66,165.14,154.29,164.11,307424,0.01,1,163.96
Gamma Ltd,31/05/24,159.03,164.56,158.16,158.45,121377,0,1,158.45
Gamma Ltd,01/06/24,157.07,157.9,153,156.54,210430,0,1,156.54
Gamma Ltd,02/06/24,162.28,168.64,158.33,166.91,534878,0,1,166.91
Gamma Ltd,03/06/24,160.9,168.06,157.35,160.55,945802,0,1,160.55
Gamma Ltd,04/06/24,154.93,161.98,154.13,157.9,179028,0,1,157.9
Gamma Ltd,05/06/24,162.14,166.85,154.26,159.55,141822,0.26,1,156.92
Gamma Ltd,06/06/24,157.9,165.36,148.5,162.59,212644,0,1,162.59
Gamma Ltd,07/06/24,163.42,165.5,156.71,160.02,169725,0,1,160.02
Gamma Ltd,08/06/24,157.68,166.12,148.44,162.17,381749,0,1,162.17
Gamma Ltd,09/06/24,154.87,157.59,148.33,150.84,395724,0,1,150.84
Gamma Ltd,10/06/24,162.85,169,155.48,158.48,684345,0,1,158.48
Gamma Ltd,11/06/24,159.68,165.13,151.2,161.48,592365,0,1,161.48
Gamma Ltd,12/06/24,163.69,164.3,155.48,161.82,137063,0,0,161.82
Gamma Ltd,13/06/24,165.12,174.21,161.26,171.83,522152,0,1,171.83
Gamma Ltd,14/06/24,164.3,167.25,156.83,164.32,236514,0,1,164.32
Gamma Ltd,15/06/24,157.54,160.29,156.48,157.37,851529,0,1,157.37
Gamma Ltd,16/06/24,162.46,163.67,158.62,159.7,289047,0,1,159.7
Gamma Ltd,17/06/24,164.81,169.29,155.57,165.13,853303,0,1,165.13
Gamma Ltd,18/06/24,164.2,172.68,163.61,169.05,491014,0,1,169.05
Gamma Ltd,19/06/24,162.71,172.08,160.39,162.07,907217,0,1,162.07
Gamma Ltd,20/06/24,164.85,170.82,159.01,168.57,821436,0,1,168.57
Gamma Ltd,21/06/24,168.39,169.62,165.44,167.75,704513,0,1,167.75
Gamma Ltd,22/06/24,163.28,171.08,154.03,169.75,130506,0,1,169.75
Gamma Ltd,23/06/24,160.26,164.21,154.22,158.25,468426,0,1,158.25
Gamma Ltd,24/06/24,165.57,173.45,162.72,167.46,279739,0,1,167.46
Gamma Ltd,25/06/24,166.64,176.55,160.79,162.83,859276,0,1,162.83
Gamma Ltd,26/06/24,166.8,171.55,162.34,165.6,991614,0,1,165.6
Gamma Ltd,27/06/24,159.54,164.91,156.55,159.34,938155,0,1,159.34
Gamma Ltd,28/06/24,163.67,167.38,157.84,159.38,903819,0,1,159.38
Gamma Ltd,29/06/24,163.64,165.12,159.61,164.61,895280,0,1,164.61
Gamma Ltd,30/06/24,162.66,170.73,153.47,168.73,596007,0,1,168.73
Gamma Ltd,01/07/24,161.5,167.06,152.51,166.9,176883,0,1,166.9
Gamma Ltd,02/07/24,168.08,172.13,165,167.3,24952,0,1,167.3
Gamma Ltd,03/07/24,161.24,167.14,156.76,159.6,226788,0,0,159.6
Gamma Ltd,04/07/24,162.51,169.39,157.14,168.7,227788,0,1,168.7
Gamma Ltd,05/07/24,166.89,176.35,159.38,160.79,532111,0,1,160.79
Gamma Ltd,06/07/24,163.83,166.52,155.68,164.38,556237,0,1,164.38
Gamma Ltd,07/07/24,165.03,170.69,156.47,169.47,944351,0,1,169.47
Gamma Ltd,08/07/24,159.92,160.42,159.34,160.27,706203,0,1,160.27
Gamma Ltd,09/07/24,165.2,167.06,155.69,163.53,120089,0,1,163.53
Gamma Ltd,10/07/24,167.02,175.81,164.13,166.25,3805,0,1,166.25
Gamma Ltd,11/07/24,157.15,158.81,155.67,155.76,577835,0,1,155.76
Gamma Ltd,12/07/24,162.44,170.59,161.25,164.55,952986,0,1,164.55
Gamma Ltd,13/07/24,158.37,161.66,150,152.5,75063,0,1,152.5
Gamma Ltd,14/07/24,161.51,165.66,157.1,163.23,192789,0,1,163.23
Gamma Ltd,15/07/24,158.71,160.01,153.21,153.94,972981,0,1,153.94
Gamma Ltd,16/07/24,157.04,161.92,156.07,158.26,996388,0,1,158.26
Gamma Ltd,17/07/24,164.35,167.69,160.27,163.42,506418,0,1,163.42
Gamma Ltd,18/07/24,160.54,166.38,155.55,160.67,456398,0,1,160.67
Gamma Ltd,19/07/24,162.61,171.47,156.37,163.11,959005,0,1,163.11
Gamma Ltd,20/07/24,159.04,168.05,158.57,159.17,63370,0,1,159.17
Gamma Ltd,21/07/24,161.9,163.26,160.42,160.64,119773,0,1,160.64
Gamma Ltd,22/07/24,162.91,165.99,157.63,159.82,650727,0,1,159.82
Gamma Ltd,23/07/24,162.41,171.15,153.61,159.16,549959,0,1,159.16
Gamma Ltd,24/07/24,163.25,163.29,163.15,163.16,675154,0,1,163.16
Gamma Ltd,25/07/24,162.39,170.49,153.51,155.32,80785,0,1,155.32
Gamma Ltd,26/07/24,160.2,162.45,156.52,158.34,935861,0,1,158.34
Gamma Ltd,27/07/24,164.9,173.73,160.6,161.19,97808,0,1,161.19
Gamma Ltd,28/07/24,163.45,168.86,155.34,162.57,565416,0,1,162.57
Gamma Ltd,29/07/24,164.22,166.17,156.96,160.53,403657,0,1,160.53
Gamma Ltd,30/07/24,164.17,173.03,156.94,166.12,512458,0,1,166.12
Gamma Ltd,31/07/24,156.39,163.76,150.59,154.37,411235,0,1,154.37
Gamma Ltd,01/08/24,158.21,160.18,155.23,160.13,988896,0,1,160.13
Gamma Ltd,02/08/24,157.11,163.36,152.32,153.94,414201,0,1,153.94
Gamma Ltd,03/08/24,157.56,158.24,150.49,151.99,722040,0,1,151.99
Gamma Ltd,04/08/24,155.44,163.45,147.39,160.72,608055,0.02,1,160.54
Gamma Ltd,05/08/24,160.93,166.84,157.81,160.34,996048,0.18,1,158.53
Gamma Ltd,06/08/24,161.3,169.2,152.58,168.34,969473,0,1,168.34
Gamma Ltd,07/08/24,158.57,160.09,151.98,155.88,71410,0.01,1,155.79
Gamma Ltd,08/08/24,163.11,170.67,153.81,157.42,808496,0,1,157.42
Gamma Ltd,09/08/24,162.79,167.66,152.92,154.1,344437,0,1,154.1
Gamma Ltd,10/08/24,164.9,170.93,161.31,170.67,508798,0,1,170.67
Gamma Ltd,11/08/24,163.95,172.25,154.33,157.49,674841,0,1,157.49
Gamma Ltd,12/08/24,154.98,162.78,151.44,152.53,700061,0,1,152.53
Gamma Ltd,13/08/24,162.86,169.95,162.83,166.06,956620,0,1,166.06
Gamma Ltd,14/08/24,156.76,157.33,156.73,157.07,290113,0,1,157.07
Gamma Ltd,15/08/24,155.16,163.3,153.33,155.03,811255,0,1,155.03
Gamma Ltd,16/08/24,153.87,161.95,152.97,157.74,110784,0,1,157.74
Gamma Ltd,17/08/24,156.01,157.53,151.44,156.82,177678,0,1,156.82
Gamma Ltd,18/08/24,154.61,154.99,146.77,148.55,196430,0,1,148.55
Gamma Ltd,19/08/24,162.03,166.83,159.39,162.86,163768,0,1,162.86
Gamma Ltd,20/08/24,154.25,163.91,151.97,155.02,156519,0,1,155.02
Gamma Ltd,21/08/24,151.25,157.01,148.87,155.85,441445,0,1,155.85
Gamma Ltd,22/08/24,156.03,161.14,154.52,161.12,199026,0,1,161.12
Gamma Ltd,23/08/24,151.24,154.67,148.22,152.7,888011,0,1,152.7
Gamma Ltd,24/08/24,158.94,161.46,154.05,158.88,64858,0,1,158.88
Gamma Ltd,25/08/24,155.92,157.08,146.52,152.69,452420,0,1,152.69
Gamma Ltd,26/08/24,151.9,157.57,146.44,150.49,648958,0,1,150.49
Gamma Ltd,27/08/24,159.09,164.36,151.22,162.18,330251,0,1,162.18
Gamma Ltd,28/08/24,148.55,148.82,144.95,145.91,846680,0,1,145.91
Gamma Ltd,29/08/24,150.36,155.04,146.27,154.79,347098,0,1,154.79
Gamma Ltd,30/08/24,151.18,160.05,150.01,157.06,628316,0,1,157.06
Gamma Ltd,31/08/24,153.87,161.63,144.42,160.95,946468,0,1,160.95
Gamma Ltd,01/09/24,147.09,154.78,146.85,147.87,916904,0,1,147.87
Gamma Ltd,02/09/24,147.17,155.48,143.3,152.88,467017,0,1,152.88
Gamma Ltd,03/09/24,144.87,153.8,135.12,150.84,197388,0,1,150.84
Gamma Ltd,04/09/24,152.49,154.9,144.32,146.53,67448,0,1,146.53
Gamma Ltd,05/09/24,152.49,161.75,148.98,155.08,924751,0,1,155.08
Gamma Ltd,06/09/24,150.23,151.89,147.75,151.21,600828,0,1,151.21
Gamma Ltd,07/09/24,152.94,156.45,147.33,148.79,281213,0,1,148.79
Gamma Ltd,08/09/24,152.89,154.58,151.79,151.86,768763,0.36,1,148.25
Gamma Ltd,09/09/24,153.09,159.17,143.89,149.06,568241,0,1,149.06
Gamma Ltd,10/09/24,145.76,147.39,139.26,143.69,794551,0,1,143.69
Gamma Ltd,11/09/24,146.37,147.23,139.2,143.47,481071,0,1,143.47
Gamma Ltd,12/09/24,145.75,153.47,144.16,150.73,670500,0,1,150.73
Gamma Ltd,13/09/24,148.53,152.35,148.18,151.73,190386,0,1,151.73
Gamma Ltd,14/09/24,148,148.59,143.97,144.86,294405,0,1,144.86
Gamma Ltd,15/09/24,145.97,148.2,143.59,143.66,735700,0,1,143.66
Gamma Ltd,16/09/24,150.43,158.71,145.33,150.75,365632,0,1,150.75
Gamma Ltd,17/09/24,155.25,155.4,147.54,149.6,253933,0,1,149.6
Gamma Ltd,18/09/24,150.65,151.21,145.56,149.74,725104,0,1,149.74
Gamma Ltd,19/09/24,147.12,153.23,144.17,145.86,771353,0,1,145.86
Gamma Ltd,20/09/24,150.68,154.48,149.31,149.85,362702,0,1,149.85
Gamma Ltd,21/09/24,148.93,155.67,148.48,154.3,8808,0,1,154.3
Gamma Ltd,22/09/24,151.78,155.07,143.35,153.53,173828,0,1,153.53
Gamma Ltd,23/09/24,152.27,162.04,146.31,147.51,625255,0,1,147.51
Gamma Ltd,24/09/24,151.56,159.85,144.76,157.81,778511,0,1,157.81
Gamma Ltd,25/09/24,147.23,150.98,139.43,140.49,122428,0,1,140.49
Gamma Ltd,26/09/24,149.6,158.86,149.35,154.06,762609,0,1,154.06
Gamma Ltd,27/09/24,147.12,150.38,139.79,140.52,931135,0,1,140.52
Gamma Ltd,28/09/24,143.42,146.6,143.37,144.12,9147,0,1,144.12
Gamma Ltd,29/09/24,154.11,161.26,146.56,151.83,643999,0,1,151.83
Gamma Ltd,30/09/24,146.52,147.91,144.33,147.66,66082,0,1,147.66
Delta LLC,01/04/24,155.62,160.1,154.08,155.45,224955,0,1,155.45
Delta LLC,02/04/24,157.17,165.28,149.49,161.15,20554,0,1,161.15
Delta LLC,03/04/24,159.53,167.69,153.31,163.94,482338,0,1,163.94
Delta LLC,04/04/24,158.38,165.87,154.92,156.92,385200,0,1,156.92
Delta LLC,05/04/24,159.12,167.26,151.56,160.8,865455,0,0,160.8
Delta LLC,06/04/24,149.56,154.62,143.74,152.79,459567,0,1,152.79
Delta LLC,07/04/24,155.83,161.53,150.27,157.7,108748,0,1,157.7
Delta LLC,08/04/24,156.9,160.98,154.63,155.8,2334,0,1,155.8
Delta LLC,09/04/24,159.84,164.26,152.28,159.19,503065,0,1,159.19
Delta LLC,10/04/24,152.08,152.95,152.05,152.51,128859,0,1,152.51
Delta LLC,11/04/24,158.05,162.69,153.16,162.39,56052,0,1,162.39
Delta LLC,12/04/24,159.03,161.05,154.79,160.04,160399,0,1,160.04
Delta LLC,13/04/24,159.08,168.1,154.27,155.4,320919,0,1,155.4
Delta LLC,14/04/24,157.88,167.83,154.76,167.7,118104,0.38,1,163.88
Delta LLC,15/04/24,158.12,164.88,151.1,164.72,79260,0,1,164.72
Delta LLC,16/04/24,158.26,162.65,156.2,158.39,429751,0,1,158.39
Delta LLC,17/04/24,155.73,160.44,152.28,157.58,209789,0,1,157.58
Delta LLC,18/04/24,150.57,160.13,144.49,145.89,450505,0,1,145.89
Delta LLC,19/04/24,159.42,166.58,157.76,161.58,308107,0,1,161.58
Delta LLC,20/04/24,153.28,159.55,146.64,152.56,843489,0,1,152.56
Delta LLC,21/04/24,152.45,156.67,151.96,155.71,435594,0,1,155.71
Delta LLC,22/04/24,157.4,161.46,150.44,160.04,569689,0,1,160.04
Delta LLC,23/04/24,157.4,159.07,149.82,151,904987,0,1,151
Delta LLC,24/04/24,151.3,152.5,150.27,150.92,809493,0,1,150.92
Delta LLC,25/04/24,149.15,151.95,142.47,149.63,311270,0,1,149.63
Delta LLC,26/04/24,156.17,163.73,152.86,156.8,304294,0,1,156.8
Delta LLC,27/04/24,149.92,152.2,145.3,150.47,866475,0,1,150.47
Delta LLC,28/04/24,152.49,159.41,150.15,153.94,245710,0,1,153.94
Delta LLC,29/04/24,155.8,165.69,148.1,164.55,19622,0,1,164.55
Delta LLC,30/04/24,154.29,158.44,147.12,152.1,914503,0,1,152.1
Delta LLC,01/05/24,147.07,154.18,138.5,150.48,357581,0,1,150.48
Delta LLC,02/05/24,153.95,159.95,144.14,152.96,354314,0,1,152.96
Delta LLC,03/05/24,150.87,151.27,143.93,145.48,741270,0,1,145.48
Delta LLC,04/05/24,153.59,161.6,143.86,144.92,640343,0,1,144.92
Delta LLC,05/05/24,146.86,154.35,144.31,149.12,309346,0,1,149.12
Delta LLC,06/05/24,148.72,150.38,145.4,148.91,15397,0,1,148.91
Delta LLC,07/05/24,146.46,148.7,142.14,143.76,70167,0,1,143.76
Delta LLC,08/05/24,145.12,146.58,144.03,146.19,944872,0,1,146.19
Delta LLC,09/05/24,152.98,159.21,150.17,153.68,341144,0,1,153.68
Delta LLC,10/05/24,154.09,163.12,149.24,158.44,655800,0,1,158.44
Delta LLC,11/05/24,144.42,144.98,138.75,142.05,550414,0,1,142.05
Delta LLC,12/05/24,154.74,162.85,151.53,160.8,904696,0,1,160.8
Delta LLC,13/05/24,153.12,155.1,144.93,146.89,849129,0,1,146.89
Delta LLC,14/05/24,155.36,164.11,151.9,160.39,418493,0,1,160.39
Delta LLC,15/05/24,147.49,156.98,140.55,146.06,625082,0,1,146.06
Delta LLC,16/05/24,148.7,151.87,147.98,148.9,541354,0,1,148.9
Delta LLC,17/05/24,153.33,163.13,149.77,159.94,138092,0,1,159.94
Delta LLC,18/05/24,151.15,151.38,147.77,149.84,509465,0,1,149.84
Delta LLC,19/05/24,155.31,157.67,153.45,154.24,100212,0,1,154.24
Delta LLC,20/05/24,146.47,149.65,145.57,148.49,629716,0,1,148.49
Delta LLC,21/05/24,151.66,158.03,145.7,155.61,505847,0,1,155.61
Delta LLC,22/05/24,154.05,162.71,148.67,151.15,216250,0,1,151.15
Delta LLC,23/05/24,157,157.26,154.39,154.97,814830,0,1,154.97
Delta LLC,24/05/24,153.32,154.15,150.89,151.08,843396,0,1,151.08
Delta LLC,25/05/24,157.12,159.41,156.62,156.68,895253,0,1,156.68
Delta LLC,26/05/24,162.08,171.18,156.39,164.63,204257,0,1,164.63
Delta LLC,27/05/24,154.31,162.88,151.31,158.19,45872,0,1,158.19
Delta LLC,28/05/24,156.61,165.54,148.81,160.45,520098,0,1,160.45
Delta LLC,29/05/24,154.27,163.65,152.1,163.05,126803,0,1,163.05
Delta LLC,30/05/24,150.76,154.09,144.22,146.68,950127,0,1,146.68
Delta LLC,31/05/24,148.9,155.42,142.64,146.29,52883,0,1,146.29
Delta LLC,01/06/24,156.47,158.33,155.49,157.01,569894,0,1,157.01
Delta LLC,02/06/24,151.78,159.08,146.96,152.84,560121,0,1,152.84
Delta LLC,03/06/24,158.22,161.24,148.44,151.62,419459,0,1,151.62
Delta LLC,04/06/24,152.02,157.05,142.42,142.67,671309,0,1,142.67
Delta LLC,05/06/24,150.82,158.2,146.64,153.24,520645,0,1,153.24
Delta LLC,06/06/24,150.1,153.26,146.67,147.74,27493,0,1,147.74
Delta LLC,07/06/24,155.75,165.63,149.88,156.7,671413,0,1,156.7
Delta LLC,08/06/24,147.49,152.01,138.49,139.69,895130,0,1,139.69
Delta LLC,09/06/24,148.91,151.97,139.04,150.48,35486,0,1,150.48
Delta LLC,10/06/24,155.19,158.2,147.85,148.07,119884,0,1,148.07
Delta LLC,11/06/24,151.74,157.36,149.95,153.34,261602,0,1,153.34
Delta LLC,12/06/24,149.66,156.62,146.07,154.09,818995,0,1,154.09
Delta LLC,13/06/24,153.93,162.58,147.29,159.07,967477,0,1,159.07
Delta LLC,14/06/24,154.51,157.75,152.74,156.79,57401,0,1,156.79
Delta LLC,15/06/24,147.92,148.61,142.43,143.18,757382,0,1,143.18
Delta LLC,16/06/24,154.74,158.44,150.31,157.79,258060,0,1,157.79
Delta LLC,17/06/24,149.42,158.53,141.24,142.13,719513,0,1,142.13
Delta LLC,18/06/24,151.55,161.16,143.83,148.51,252496,0,1,148.51
Delta LLC,19/06/24,155.68,159.89,146.13,152.06,422773,0,1,152.06
Delta LLC,20/06/24,151.28,155.9,150.5,153.29,639379,0,1,153.29
Delta LLC,21/06/24,154.15,160.48,146.75,158.83,101362,0,1,158.83
Delta LLC,22/06/24,149.46,152.13,142.97,145.18,217645,0,1,145.18
Delta LLC,23/06/24,149.7,151.46,143.67,148.04,856047,0,1,148.04
Delta LLC,24/06/24,148.16,153.31,144.01,152.28,293321,0,1,152.28
Delta LLC,25/06/24,150.19,151,144.03,148.73,629606,0,1,148.73
Delta LLC,26/06/24,152.09,156.83,143.46,152.77,157053,0,1,152.77
Delta LLC,27/06/24,153.36,162.26,151.97,159.79,246930,0,1,159.79
Delta LLC,28/06/24,147.87,153.31,146.55,148.55,955005,0.1,1,147.53
Delta LLC,29/06/24,155.54,156.37,149.97,152.69,380779,0,1,152.69
Delta LLC,30/06/24,154.2,157.26,144.66,147.28,642335,0,1,147.28
Delta LLC,01/07/24,152.61,152.75,150.58,151.28,689518,0,1,151.28
Delta LLC,02/07/24,151.77,156.46,147.13,154.76,71588,0,1,154.76
Delta LLC,03/07/24,149.63,150.64,147.95,150.2,327415,0,1,150.2
Delta LLC,04/07/24,154.91,157.54,147.38,157.34,492813,0,1,157.34
Delta LLC,05/07/24,153.49,162.01,147.19,150.28,170990,0,1,150.28
Delta LLC,06/07/24,154.8,158.2,153.54,154.96,888665,0,1,154.96
Delta LLC,07/07/24,152.76,157.61,152.19,156.62,251379,0,1,156.62
Delta LLC,08/07/24,148.65,153.68,148.08,149.25,433066,0,1,149.25
Delta LLC,09/07/24,154.86,155.82,154.26,155.29,850073,0,0,155.29
Delta LLC,10/07/24,155.65,163.95,155.48,158.29,354343,0,0,158.29
Delta LLC,11/07/24,153.39,157.42,148.74,157.08,760277,0,1,157.08
Delta LLC,12/07/24,155.1,156.24,150.04,150.6,727551,0,1,150.6
Delta LLC,13/07/24,153.86,163.62,151.94,156.86,459603,0,1,156.86
Delta LLC,14/07/24,151.34,153.46,144.78,148.46,174841,0,1,148.46
Delta LLC,15/07/24,156.42,160.92,153.18,153.69,81312,0,1,153.69
Delta LLC,16/07/24,157.36,158.97,155.78,158.09,529575,0.19,1,156.17
Delta LLC,17/07/24,152.96,153.61,144.94,145.94,417327,0,1,145.94
Delta LLC,18/07/24,148.93,151.42,143.63,148.61,177256,0,1,148.61
Delta LLC,19/07/24,155.74,164.79,151.44,162.65,217075,0,1,162.65
Delta LLC,20/07/24,156.64,158.42,154.57,158.14,291361,0,1,158.14
Delta LLC,21/07/24,160.02,163.86,156.98,163.85,564102,0,1,163.85
Delta LLC,22/07/24,151.02,157.31,145.19,149.18,701336,0,1,149.18
Delta LLC,23/07/24,159.55,160.48,157.53,160.1,29980,0,1,160.1
Delta LLC,24/07/24,158.46,166.95,152.6,152.76,443028,0,1,152.76
Delta LLC,25/07/24,157.81,160.46,149.25,153.78,76370,0,1,153.78
Delta LLC,26/07/24,153.62,162.53,153.02,155.94,350673,0,1,155.94
Delta LLC,27/07/24,151.74,158.03,143.28,144.26,535207,0,1,144.26
Delta LLC,28/07/24,147.97,154.92,143.97,153.87,815484,0,1,153.87
Delta LLC,29/07/24,152.25,160.93,144.89,160.24,269759,0,1,160.24
Delta LLC,30/07/24,155.17,156.94,146.05,150.9,78492,0.3,1,147.95
Delta LLC,31/07/24,154.6,155.21,147.33,154.28,467450,0,1,154.28
Delta LLC,01/08/24,149.43,152.2,144.54,145.36,288562,0,1,145.36
Delta LLC,02/08/24,151.55,154.66,146.92,153.84,874386,0,1,153.84
Delta LLC,03/08/24,156.95,157.02,150.05,156.25,893970,0,1,156.25
Delta LLC,04/08/24,153.08,159.47,152.92,159.12,374425,0,1,159.12
Delta LLC,05/08/24,150.15,157.84,150,150.55,47918,0,1,150.55
Delta LLC,06/08/24,156.57,160.33,152.81,154.23,995104,0,1,154.23
Delta LLC,07/08/24,153.3,153.46,151.55,151.65,547117,0,1,151.65
Delta LLC,08/08/24,153.83,156.67,148.94,150.26,665109,0,1,150.26
Delta LLC,09/08/24,156.02,159.93,152.11,157.12,432815,0,1,157.12
Delta LLC,10/08/24,158.21,162.6,149.14,159.07,183881,0,1,159.07
Delta LLC,11/08/24,160.98,163.69,156.84,161.95,620673,0.13,1,160.61
Delta LLC,12/08/24,157.05,166.01,156.71,158.92,681604,0,1,158.92
Delta LLC,13/08/24,157.36,161.07,155.19,158.69,891738,0,1,158.69
Delta LLC,14/08/24,160.03,167.06,159.16,166.9,352379,0,1,166.9
Delta LLC,15/08/24,155.27,158.24,152.76,156.11,471703,0,1,156.11
Delta LLC,16/08/24,155.44,159.9,154,156.34,88552,0,1,156.34
Delta LLC,17/08/24,154.26,158.51,148.42,156.94,39724,0,1,156.94
Delta LLC,18/08/24,157.46,161.54,150.51,151.78,698492,0,1,151.78
Delta LLC,19/08/24,156.98,163.62,154.1,157.43,700641,0,1,157.43
Delta LLC,20/08/24,158.54,165.28,152.3,158.88,206446,0,1,158.88
Delta LLC,21/08/24,159.31,165.87,150.48,156.06,587120,0,1,156.06
Delta LLC,22/08/24,155.58,156.41,150.01,153.54,301467,0,1,153.54
Delta LLC,23/08/24,154.17,161.8,154.1,156.68,308722,0,1,156.68
Delta LLC,24/08/24,151.09,157.04,144.91,151.08,209534,0,1,151.08
Delta LLC,25/08/24,161.77,167.63,153.09,165.93,861459,0.44,1,161.53
Delta LLC,26/08/24,154.57,161.9,151.69,154.34,263539,0,1,154.34
Delta LLC,27/08/24,150.49,155.36,146.29,152.63,122066,0,1,152.63
Delta LLC,28/08/24,153.42,156.02,146.33,150.05,363827,0,1,150.05
Delta LLC,29/08/24,159.67,167.85,152.58,164.28,463650,0,1,164.28
Delta LLC,30/08/24,159.96,165.44,151.98,156.13,472931,0,1,156.13
Delta LLC,31/08/24,158.7,168.09,152.84,154.47,179680,0,1,154.47
Delta LLC,01/09/24,158.39,162.09,154.92,159.93,779532,0,1,159.93
Delta LLC,02/09/24,161.6,171.24,156.36,156.82,696146,0,1,156.82
Delta LLC,03/09/24,155.03,163.87,150.81,156.38,145758,0,1,156.38
Delta LLC,04/09/24,156.64,161.8,154.04,155.65,952224,0,1,155.65
Delta LLC,05/09/24,155.72,160.02,149.53,157.75,851609,0,1,157.75
Delta LLC,06/09/24,160.02,167.9,159.85,164.67,593646,0,1,164.67
Delta LLC,07/09/24,158.77,160.08,157.3,158.54,295586,0,1,158.54
Delta LLC,08/09/24,156.77,164.04,150.58,157.26,579672,0,1,157.26
Delta LLC,09/09/24,157.06,162.16,147.73,154.12,944912,0,1,154.12
Delta LLC,10/09/24,160.05,167.68,150.27,155.3,820396,0,1,155.3
Delta LLC,11/09/24,162.93,166.19,161.67,163.41,521740,0,1,163.41
Delta LLC,12/09/24,161.93,166.29,160.82,162.74,562556,0,1,162.74
Delta LLC,13/09/24,165.28,171.57,160.62,164.82,456162,0,1,164.82
Delta LLC,14/09/24,169.18,178.82,160.6,168.69,931400,0,1,168.69
Delta LLC,15/09/24,159.45,165.97,158.51,164.33,835089,0,1,164.33
Delta LLC,16/09/24,163.58,168.61,155.43,161.16,724114,0,1,161.16
Delta LLC,17/09/24,164.77,174.52,163.94,167.64,785440,0,1,167.64
Delta LLC,18/09/24,156.58,163.06,152.01,163.05,455033,0,1,163.05
Delta LLC,19/09/24,164.49,168.16,159.08,166.66,271165,0,1,166.66
Delta LLC,20/09/24,157.57,159.56,155.42,155.53,701164,0,1,155.53
Delta LLC,21/09/24,165.19,172.01,164.09,166.78,92585,0,1,166.78
Delta LLC,22/09/24,157.69,163.55,152.04,152.65,934191,0,1,152.65
Delta LLC,23/09/24,163.81,171.91,162.62,166.09,836372,0,1,166.09
Delta LLC,24/09/24,165.24,169.86,161.19,161.94,909755,0,1,161.94
Delta LLC,25/09/24,164.9,174.27,161.13,171.79,579887,0,1,171.79
Delta LLC,26/09/24,169.94,171.18,169.83,170.07,197570,0,0,170.07
Delta LLC,27/09/24,170.82,177.98,161.41,175.4,539887,0,1,175.4
Delta LLC,28/09/24,174.07,174.82,168.7,173.05,348674,0,1,173.05
Delta LLC,29/09/24,169.23,172.85,163.88,168.26,771312,0,1,168.26
Delta LLC,30/09/24,171.16,174.61,161.61,165.5,224057,0,1,165.5
Epsilon Plc,01/04/24,188.72,190.59,180.1,182.24,589840,0,1,182.24
Epsilon Plc,02/04/24,195.02,204.31,190.38,203.78,567376,0,1,203.78
Epsilon Plc,03/04/24,192.32,196.1,189.86,191.72,759198,0,1,191.72
Epsilon Plc,04/04/24,193.51,201.83,190.51,191.13,10600,0,1,191.13
Epsilon Plc,05/04/24,187.83,190.96,184.71,185.34,130667,0,1,185.34
Epsilon Plc,06/04/24,192.16,192.17,186.75,189.13,728117,0,1,189.13
Epsilon Plc,07/04/24,192.32,201.23,183.61,193.46,219369,0,1,193.46
Epsilon Plc,08/04/24,197.41,197.72,188.7,194.7,193031,0,1,194.7
Epsilon Plc,09/04/24,189.51,192.61,181.67,188.3,261028,0,1,188.3
Epsilon Plc,10/04/24,197.23,201.94,193.34,201.88,885618,0,1,201.88
Epsilon Plc,11/04/24,195.87,200.48,188.57,197.35,778249,0,1,197.35
Epsilon Plc,12/04/24,188.02,195.26,182.05,188.14,316079,0,1,188.14
Epsilon Plc,13/04/24,190.15,195.85,182.68,183.44,262909,0,1,183.44
Epsilon Plc,14/04/24,188.37,197.54,179.39,197.47,682761,0,1,197.47
Epsilon Plc,15/04/24,192.55,200.01,188.57,197.94,652282,0,1,197.94
Epsilon Plc,16/04/24,187.31,189.96,182.69,184.69,994142,0,1,184.69
Epsilon Plc,17/04/24,193.75,199.85,189.83,194.47,55569,0,1,194.47
Epsilon Plc,18/04/24,192.17,192.34,185.46,189.04,679812,0,1,189.04
Epsilon Plc,19/04/24,189.2,190.94,183.87,184.63,816505,0,1,184.63
Epsilon Plc,20/04/24,196.99,205.76,194.66,198.78,188787,0,1,198.78
Epsilon Plc,21/04/24,191.67,194,189.79,191.55,207334,0,1,191.55
Epsilon Plc,22/04/24,192.86,199.23,188.76,197.2,711218,0,1,197.2
Epsilon Plc,23/04/24,197.1,200.27,187.73,191.84,582267,0,1,191.84
Epsilon Plc,24/04/24,189.88,189.97,182.11,189.44,190516,0,1,189.44
Epsilon Plc,25/04/24,193.3,201.8,184.29,185.36,753750,0,1,185.36
Epsilon Plc,26/04/24,190.13,198.24,181.33,183.78,718526,0,1,183.78
Epsilon Plc,27/04/24,195.2,201.04,187.22,193.21,703215,0,0,193.21
Epsilon Plc,28/04/24,188.7,194.79,184.34,188.46,704388,0,1,188.46
Epsilon Plc,29/04/24,185.25,192.34,184.22,191.52,783534,0,1,191.52
Epsilon Plc,30/04/24,185.58,193.55,183.39,190.67,335525,0,1,190.67
Epsilon Plc,01/05/24,183.62,185.22,182.92,183.84,607604,0,1,183.84
Epsilon Plc,02/05/24,188.77,193.74,182.63,184.37,1968,0,1,184.37
Epsilon Plc,03/05/24,187.62,194.66,185.74,191.55,6195,0,1,191.55
Epsilon Plc,04/05/24,190.16,195.46,183.98,195.4,822414,0,1,195.4
Epsilon Plc,05/05/24,191.31,192.58,183.44,190.11,286906,0,1,190.11
Epsilon Plc,06/05/24,184.86,187.93,180.58,186.63,18798,0,1,186.63
Epsilon Plc,07/05/24,192.37,198.22,186.95,187.53,589343,0,1,187.53
Epsilon Plc,08/05/24,189.56,195.83,181.35,184.09,36244,0,1,184.09
Epsilon Plc,09/05/24,187.42,189.53,183.1,184.42,377977,0,1,184.42
Epsilon Plc,10/05/24,186.73,190.31,178.57,185.94,939506,0,1,185.94
Epsilon Plc,11/05/24,186.81,188.78,183.01,187.46,367233,0,1,187.46
Epsilon Plc,12/05/24,186.92,191.37,177.72,185.46,135022,0,1,185.46
Epsilon Plc,13/05/24,189.37,194.84,187.73,188.84,444862,0,1,188.84
Epsilon Plc,14/05/24,190.18,195.75,186.29,193.94,202828,0,1,193.94
Epsilon Plc,15/05/24,193.32,199.44,193.02,197.89,358597,0,1,197.89
Epsilon Plc,16/05/24,189.25,189.83,187.13,189.55,848746,0,1,189.55
Epsilon Plc,17/05/24,190.27,191.11,182.59,190.61,866115,0,1,190.61
Epsilon Plc,18/05/24,186.97,192.09,185.04,185.73,171059,0,1,185.73
Epsilon Plc,19/05/24,194.46,196.73,189.27,192.95,48453,0,1,192.95
Epsilon Plc,20/05/24,186.46,191.52,178.23,190.25,706231,0,1,190.25
Epsilon Plc,21/05/24,195.44,198.93,192.08,197.92,913698,0,1,197.92
Epsilon Plc,22/05/24,187.53,190.41,181.6,181.85,952028,0,1,181.85
Epsilon Plc,23/05/24,184.4,189.6,179.86,188.58,500887,0,1,188.58
Epsilon Plc,24/05/24,186.7,193.52,185.69,192.08,635957,0,1,192.08
Epsilon Plc,25/05/24,185.78,193.82,182.82,186.59,23558,0,1,186.59
Epsilon Plc,26/05/24,196.22,201.37,193.03,199.86,647766,0,1,199.86
Epsilon Plc,27/05/24,190.96,196.27,183.83,190.82,891193,0,1,190.82
Epsilon Plc,28/05/24,192.94,201.18,187.87,189.21,245980,0.28,1,186.43
Epsilon Plc,29/05/24,193.54,199.79,191.45,198.98,476756,0,1,198.98
Epsilon Plc,30/05/24,191.77,198.17,190.03,192.96,650447,0,1,192.96
Epsilon Plc,31/05/24,194.84,195.7,185.99,193.06,497755,0,0,193.06
Epsilon Plc,01/06/24,195.21,204.11,187.9,188.25,908679,0,1,188.25
Epsilon Plc,02/06/24,194.59,195.23,193.41,193.95,192229,0,1,193.95
Epsilon Plc,03/06/24,191.9,198.88,183.08,191.97,435370,0,1,191.97
Epsilon Plc,04/06/24,195.02,196.28,187.22,195.4,683962,0,1,195.4
Epsilon Plc,05/06/24,202,206.05,192.4,198.06,221824,0,1,198.06
Epsilon Plc,06/06/24,199.98,201.21,195.56,198.04,517252,0,1,198.04
Epsilon Plc,07/06/24,195.33,196.19,190.53,194.49,228883,0,1,194.49
Epsilon Plc,08/06/24,194.04,196.27,185.36,188.96,871999,0,1,188.96
Epsilon Plc,09/06/24,195.83,199.2,191.48,193.33,875107,0,1,193.33
Epsilon Plc,10/06/24,199.23,201.02,197.93,198.21,360584,0,1,198.21
Epsilon Plc,11/06/24,195.87,196.06,195.55,195.93,395793,0,1,195.93
Epsilon Plc,12/06/24,194.91,198.22,192.09,197.99,997354,0,1,197.99
Epsilon Plc,13/06/24,196.94,204.06,190.17,199.57,806134,0.42,1,195.42
Epsilon Plc,14/06/24,196.1,196.55,187.57,196.4,79062,0,1,196.4
Epsilon Plc,15/06/24,201.79,208.61,192.08,196.41,720539,0,1,196.41
Epsilon Plc,16/06/24,200,209.32,194.08,207.28,274940,0,1,207.28
Epsilon Plc,17/06/24,192.66,197.11,191.55,194.36,151637,0,1,194.36
Epsilon Plc,18/06/24,196.63,205.34,194.93,197.57,566533,0,1,197.57
Epsilon Plc,19/06/24,195.5,197.38,190.35,196.94,410109,0,1,196.94
Epsilon Plc,20/06/24,198.24,204.22,197.76,202.91,12196,0,1,202.91
Epsilon Plc,21/06/24,200.19,205.01,193.77,195.28,523875,0.23,1,192.98
Epsilon Plc,22/06/24,200.79,208.15,198.43,205.26,666206,0,1,205.26
Epsilon Plc,23/06/24,197.66,206.5,193.77,200.6,381101,0,1,200.6
Epsilon Plc,24/06/24,201.52,207.71,194.61,198.74,219054,0,1,198.74
Epsilon Plc,25/06/24,201.39,205.48,193.27,205.2,274885,0,1,205.2
Epsilon Plc,26/06/24,203.24,208.91,202.16,207.09,895236,0,1,207.09
Epsilon Plc,27/06/24,205.87,215.32,196.65,203.31,534884,0,1,203.31
Epsilon Plc,28/06/24,204.63,207.26,203.12,203.24,265168,0,1,203.24
Epsilon Plc,29/06/24,198.42,198.51,188.69,196.21,990719,0,1,196.21
Epsilon Plc,30/06/24,206.23,206.41,198.02,204.91,711415,0,1,204.91
Epsilon Plc,01/07/24,201.1,210.94,192.9,206.05,69982,0,1,206.05
Epsilon Plc,02/07/24,199.99,206.1,196.06,201.36,665561,0,1,201.36
Epsilon Plc,03/07/24,199.98,202.76,198.86,199.76,477287,0,1,199.76
Epsilon Plc,04/07/24,199.58,201.19,189.69,196.24,412268,0.07,1,195.49
Epsilon Plc,05/07/24,200.29,203.67,199.13,203.65,786247,0,1,203.65
Epsilon Plc,06/07/24,200.51,207.9,191.32,204.36,983775,0,1,204.36
Epsilon Plc,07/07/24,192.33,193.93,185.25,193.6,470494,0,1,193.6
Epsilon Plc,08/07/24,202.98,211.65,196.22,197.35,708873,0,1,197.35
Epsilon Plc,09/07/24,201.7,208.59,197.36,201.02,239683,0,1,201.02
Epsilon Plc,10/07/24,202.94,211.23,196.32,208.39,197138,0,1,208.39
Epsilon Plc,11/07/24,199.9,199.97,199.35,199.59,125507,0,1,199.59
Epsilon Plc,12/07/24,203.77,207.08,196.06,200.42,540405,0,1,200.42
Epsilon Plc,13/07/24,203.24,210.73,198.02,203.45,561591,0,1,203.45
Epsilon Plc,14/07/24,210.43,216.15,203.95,204.49,466889,0,1,204.49
Epsilon Plc,15/07/24,207.63,208.62,203.47,208.26,616005,0,1,208.26
Epsilon Plc,16/07/24,203.84,204.47,201.51,201.57,275504,0,1,201.57
Epsilon Plc,17/07/24,211.68,213.86,203.73,211.67,8048,0,1,211.67
Epsilon Plc,18/07/24,211.58,220.11,205.68,213.64,758016,0,0,213.64
Epsilon Plc,19/07/24,213.44,218.78,211.23,214.87,660337,0,1,214.87
Epsilon Plc,20/07/24,214.96,222.42,213.92,215.58,515051,0,1,215.58
Epsilon Plc,21/07/24,212.88,216.92,211.91,213.89,343249,0,1,213.89
Epsilon Plc,22/07/24,215.69,216.68,212.74,214.99,773471,0,1,214.99
Epsilon Plc,23/07/24,208.52,212.12,207.73,210.65,860420,0,1,210.65
Epsilon Plc,24/07/24,207.11,210.45,201.19,203.16,712773,0,1,203.16
Epsilon Plc,25/07/24,206.06,212.28,199.61,201.3,61872,0,1,201.3
Epsilon Plc,26/07/24,212.7,216.85,205.38,216.06,461217,0,1,216.06
Epsilon Plc,27/07/24,212.38,219.55,202.79,217,100432,0,1,217
Epsilon Plc,28/07/24,208.68,208.68,202.17,205.46,148469,0,1,205.46
Epsilon Plc,29/07/24,213.95,216.63,213.14,216.16,858928,0,1,216.16
Epsilon Plc,30/07/24,206.04,215.61,202.25,204.52,381824,0,1,204.52
Epsilon Plc,31/07/24,206.54,207.58,198.97,203.55,958812,0,1,203.55
Epsilon Plc,01/08/24,206.89,214.64,202.68,210.53,92944,0,1,210.53
Epsilon Plc,02/08/24,209.15,213.17,199.17,199.54,611562,0,1,199.54
Epsilon Plc,03/08/24,214.89,220.23,210.88,215.48,882090,0,1,215.48
Epsilon Plc,04/08/24,212.54,213.44,206.82,208.82,212990,0,1,208.82
Epsilon Plc,05/08/24,211.21,220.71,203.9,210.95,137544,0,1,210.95
Epsilon Plc,06/08/24,214.96,215.73,211.04,211.91,892498,0,1,211.91
Epsilon Plc,07/08/24,211.09,218.06,208.63,213.67,285654,0,1,213.67
Epsilon Plc,08/08/24,217.44,218.05,216.34,217.97,137890,0,1,217.97
Epsilon Plc,09/08/24,214.82,216.74,207.57,209.54,122511,0,1,209.54
Epsilon Plc,10/08/24,219.67,228.97,209.94,214.23,547548,0,1,214.23
Epsilon Plc,11/08/24,213.51,216.09,208.67,208.95,707077,0,1,208.95
Epsilon Plc,12/08/24,218.2,222.63,211.49,216.12,344824,0,1,216.12
Epsilon Plc,13/08/24,219.35,226.87,213.88,214.52,968021,0,1,214.52
Epsilon Plc,14/08/24,218.55,220.56,213.47,216.82,944051,0,1,216.82
Epsilon Plc,15/08/24,213.2,220.39,206.36,216.9,267901,0,1,216.9
Epsilon Plc,16/08/24,210.97,211.78,202.25,208.56,752518,0,1,208.56
Epsilon Plc,17/08/24,214.89,217.08,209.37,209.41,225263,0,1,209.41
Epsilon Plc,18/08/24,212.04,214.98,210.99,213.79,902974,0,1,213.79
Epsilon Plc,19/08/24,215.15,218.52,207.33,211.24,540085,0,0,211.24
Epsilon Plc,20/08/24,216.8,217.87,209.62,211.53,572113,0,1,211.53
Epsilon Plc,21/08/24,207.86,209.28,205.23,208.24,318010,0,1,208.24
Epsilon Plc,22/08/24,212.96,215.13,204.39,211.21,350476,0,1,211.21
Epsilon Plc,23/08/24,210.81,219.8,208.3,213.77,907444,0,1,213.77
Epsilon Plc,24/08/24,217.81,218.08,217.65,218.08,442742,0,1,218.08
Epsilon Plc,25/08/24,209.79,210.23,207.93,209.05,50745,0,0,209.05
Epsilon Plc,26/08/24,216.82,226.36,210.13,217.76,950659,0,1,217.76
Epsilon Plc,27/08/24,215.72,224.92,206.94,224.09,618456,0,1,224.09
Epsilon Plc,28/08/24,217.38,221.55,209.41,210.75,503064,0,1,210.75
Epsilon Plc,29/08/24,210.92,212.87,209.32,210.44,142244,0,1,210.44
Epsilon Plc,30/08/24,213.23,216.89,205.83,209.46,260919,0,1,209.46
Epsilon Plc,31/08/24,214.88,219.48,209.15,219.13,631554,0,1,219.13
Epsilon Plc,01/09/24,215.31,218.41,208.17,211.83,960254,0,1,211.83
Epsilon Plc,02/09/24,214.98,218.43,205.34,211.07,315144,0,1,211.07
Epsilon Plc,03/09/24,216.07,221.3,214.99,215.24,945667,0,1,215.24
Epsilon Plc,04/09/24,213.48,215.5,210.66,213.5,134971,0,1,213.5
Epsilon Plc,05/09/24,213.68,219.35,209.79,211.12,315322,0,1,211.12
Epsilon Plc,06/09/24,210.23,214.31,208.79,213.07,383204,0,1,213.07
Epsilon Plc,07/09/24,210.75,213.86,208.61,211.15,423628,0,1,211.15
Epsilon Plc,08/09/24,210.82,211.24,203.4,211.21,26275,0,1,211.21
Epsilon Plc,09/09/24,210.73,211.01,208.04,208.34,166078,0,1,208.34
Epsilon Plc,10/09/24,209.31,217.78,199.51,209.28,557815,0,1,209.28
Epsilon Plc,11/09/24,208.93,217.78,201.03,210.11,340279,0,1,210.11
Epsilon Plc,12/09/24,215.83,217.91,206.58,212.38,553749,0,1,212.38
Epsilon Plc,13/09/24,216.19,225.62,214.5,222.77,213575,0,1,222.77
Epsilon Plc,14/09/24,216.59,217.28,208.59,217.24,152170,0,1,217.24
Epsilon Plc,15/09/24,219.86,229.34,210.52,212.77,564559,0,1,212.77
Epsilon Plc,16/09/24,216.71,219.21,207.01,217.43,642790,0,1,217.43
Epsilon Plc,17/09/24,220.74,224.03,215.52,223.77,779445,0,1,223.77
Epsilon Plc,18/09/24,217.2,222.85,210.19,222.45,68009,0,1,222.45
Epsilon Plc,19/09/24,220.96,223.36,217.99,221.52,763142,0,1,221.52
Epsilon Plc,20/09/24,221.52,224.94,212.89,213.82,928571,0,1,213.82
Epsilon Plc,21/09/24,219.19,221.81,211.69,220.91,172127,0,1,220.91
Epsilon Plc,22/09/24,216.31,224.69,210.72,216.28,876467,0,1,216.28
Epsilon Plc,23/09/24,214.3,217.03,208.6,209.16,366571,0.23,1,206.85
Epsilon Plc,24/09/24,223.64,226.44,222.44,224.78,747959,0,1,224.78
Epsilon Plc,25/09/24,218.83,218.95,216.04,216.77,153935,0,1,216.77
Epsilon Plc,26/09/24,214.67,222.79,214.62,221.07,990621,0,1,221.07
Epsilon Plc,27/09/24,218.5,225.57,216.52,217.95,804110,0,1,217.95
Epsilon Plc,28/09/24,223.08,226.74,215.67,217.59,101424,0,1,217.59
Epsilon Plc,29/09/24,217.77,219.25,213.45,215.27,201043,0,1,215.27
Epsilon Plc,30/09/24,218.06,220.02,215.03,216.44,14887,0,1,216.44
